# q20(t) of the BDNK run, frame F1, eta_hat=0.03, N=24, sigma_KO=0.005, dt=0.20dx. gamma_per_period = envelope damping rate x P.
t_over_P,q,gamma_per_period
0.000000,4.91151184e-04,0.421493
0.019558,4.80083875e-04,0.421493
0.039116,4.50429879e-04,0.421493
0.058674,4.04435851e-04,0.421493
0.078232,3.45400688e-04,0.421493
0.097790,2.77373904e-04,0.421493
0.117348,2.04715048e-04,0.421493
0.136905,1.31677943e-04,0.421493
0.156463,6.20592420e-05,0.421493
0.176021,-1.05923215e-06,0.421493
0.195579,-5.54603941e-05,0.421493
0.215137,-9.98361313e-05,0.421493
0.234695,-1.33741095e-04,0.421493
0.254253,-1.57479551e-04,0.421493
0.273811,-1.71951726e-04,0.421493
0.293369,-1.78484335e-04,0.421493
0.312927,-1.78665055e-04,0.421493
0.332485,-1.74194192e-04,0.421493
0.352043,-1.66760420e-04,0.421493
0.371600,-1.57942198e-04,0.421493
0.391158,-1.49132991e-04,0.421493
0.410716,-1.41486803e-04,0.421493
0.430274,-1.35880397e-04,0.421493
0.449832,-1.32889490e-04,0.421493
0.469390,-1.32777517e-04,0.421493
0.488948,-1.35496813e-04,0.421493
0.508506,-1.40702819e-04,0.421493
0.528064,-1.47782114e-04,0.421493
0.547622,-1.55894594e-04,0.421493
0.567180,-1.64029160e-04,0.421493
0.586738,-1.71070991e-04,0.421493
0.606295,-1.75877202e-04,0.421493
0.625853,-1.77356512e-04,0.421493
0.645411,-1.74547832e-04,0.421493
0.664969,-1.66692348e-04,0.421493
0.684527,-1.53293936e-04,0.421493
0.704085,-1.34163428e-04,0.421493
0.723643,-1.09443385e-04,0.421493
0.743201,-7.96113816e-05,0.421493
0.762759,-4.54614044e-05,0.421493
0.782317,-8.06449801e-06,0.421493
0.801875,3.12887277e-05,0.421493
0.821433,7.11598500e-05,0.421493
0.840990,1.10043807e-04,0.421493
0.860548,1.46454050e-04,0.421493
0.880106,1.79006010e-04,0.421493
0.899664,2.06493429e-04,0.421493
0.919222,2.27952666e-04,0.421493
0.938780,2.42711036e-04,0.421493
0.958338,2.50416374e-04,0.421493
0.977896,2.51046435e-04,0.421493
0.997454,2.44898095e-04,0.421493
1.017012,2.32557733e-04,0.421493
1.036570,2.14855408e-04,0.421493
1.056128,1.92806434e-04,0.421493
1.075685,1.67544676e-04,0.421493
1.095243,1.40252285e-04,0.421493
1.114801,1.12090583e-04,0.421493
1.134359,8.41365483e-05,0.421493
1.153917,5.73287212e-05,0.421493
1.173475,3.24255475e-05,0.421493
1.193033,9.97816274e-06,0.421493
1.212591,-9.68144629e-06,0.421493
1.232149,-2.64370518e-05,0.421493
1.251707,-4.03707268e-05,0.421493
1.271265,-5.17333537e-05,0.421493
1.290823,-6.09058238e-05,0.421493
1.310380,-6.83541199e-05,0.421493
1.329938,-7.45817037e-05,0.421493
1.349496,-8.00826182e-05,0.421493
1.369054,-8.52984852e-05,0.421493
1.388612,-9.05821440e-05,0.421493
1.408170,-9.61701003e-05,0.421493
1.427728,-1.02165253e-04,0.421493
1.447286,-1.08530618e-04,0.421493
1.466844,-1.15094015e-04,0.421493
1.486402,-1.21562937e-04,0.421493
1.505960,-1.27548230e-04,0.421493
1.525518,-1.32594634e-04,0.421493
1.545075,-1.36215925e-04,0.421493
1.564633,-1.37932125e-04,0.421493
1.584191,-1.37306249e-04,0.421493
1.603749,-1.33978159e-04,0.421493
1.623307,-1.27693339e-04,0.421493
1.642865,-1.18324844e-04,0.421493
1.662423,-1.05887121e-04,0.421493
1.681981,-9.05409895e-05,0.421493
1.701539,-7.25896143e-05,0.421493
1.721097,-5.24659139e-05,0.421493
1.740655,-3.07123349e-05,0.421493
1.760213,-7.95439586e-06,0.421493
1.779770,1.51302584e-05,0.421493
1.799328,3.78453250e-05,0.421493
1.818886,5.95097690e-05,0.421493
1.838444,7.94901816e-05,0.421493
1.858002,9.72297057e-05,0.421493
1.877560,1.12271938e-04,0.421493
1.897118,1.24278581e-04,0.421493
1.916676,1.33040052e-04,0.421493
1.936234,1.38478695e-04,0.421493
1.955792,1.40644757e-04,0.421493
1.975350,1.39705661e-04,0.421493
1.994908,1.35929569e-04,0.421493
2.014465,1.29664480e-04,0.421493
2.034023,1.21314363e-04,0.421493
2.053581,1.11313932e-04,0.421493
2.073139,1.00103657e-04,0.421493
2.092697,8.81065563e-05,0.421493
2.112255,7.57080716e-05,0.421493
2.131813,6.32401082e-05,0.421493
2.151371,5.09699777e-05,0.421493
2.170929,3.90946292e-05,0.421493
2.190487,2.77401941e-05,0.421493
2.210045,1.69665152e-05,0.421493
2.229603,6.77602150e-06,0.421493
2.249160,-2.87394887e-06,0.421493
2.268718,-1.20564608e-05,0.421493
2.288276,-2.08591201e-05,0.421493
2.307834,-2.93682509e-05,0.421493
2.327392,-3.76542682e-05,0.421493
2.346950,-4.57592707e-05,0.421493
2.366508,-5.36876808e-05,0.421493
2.386066,-6.14005201e-05,0.421493
2.405624,-6.88136346e-05,0.421493
2.425182,-7.57999012e-05,0.421493
2.444740,-8.21951744e-05,0.421493
2.464298,-8.78074831e-05,0.421493
2.483856,-9.24287792e-05,0.421493
2.503413,-9.58483879e-05,0.421493
2.522971,-9.78672156e-05,0.421493
2.542529,-9.83117428e-05,0.421493
2.562087,-9.70468678e-05,0.421493
2.581645,-9.39867614e-05,0.421493
2.601203,-8.91030423e-05,0.421493
2.620761,-8.24297675e-05,0.421493
2.640319,-7.40649500e-05,0.421493
2.659877,-6.41685362e-05,0.421493
2.679435,-5.29570049e-05,0.421493
2.698993,-4.06949476e-05,0.421493
2.718551,-2.76841718e-05,0.421493
2.738108,-1.42510013e-05,0.421493
2.757666,-7.32536970e-07,0.421493
2.777224,1.25373189e-05,0.421493
2.796782,2.52412863e-05,0.421493
2.816340,3.70908518e-05,0.421493
2.835898,4.78365102e-05,0.421493
2.855456,5.72756188e-05,0.421493
2.875014,6.52575449e-05,0.421493
2.894572,7.16859587e-05,0.421493
2.914130,7.65183072e-05,0.421493
2.933688,7.97626670e-05,0.421493
2.953246,8.14723251e-05,0.421493
2.972803,8.17385547e-05,0.421493
2.992361,8.06821350e-05,0.421493
3.011919,7.84442143e-05,0.421493
3.031477,7.51771153e-05,0.421493
3.051035,7.10356528e-05,0.421493
3.070593,6.61694642e-05,0.421493
3.090151,6.07167571e-05,0.421493
3.109709,5.47997603e-05,0.421493
3.129267,4.85220343e-05,0.421493
3.148825,4.19676625e-05,0.421493
3.168383,3.52022160e-05,0.421493
3.187941,2.82752678e-05,0.421493
3.207498,2.12241397e-05,0.421493
3.227056,1.40784910e-05,0.421493
3.246614,6.86532260e-06,0.421493
3.266172,-3.86042826e-07,0.421493
3.285730,-7.63942199e-06,0.421493
3.305288,-1.48480441e-05,0.421493
3.324846,-2.19519339e-05,0.421493
3.344404,-2.88766157e-05,0.421493
3.363962,-3.55332462e-05,0.421493
3.383520,-4.18201836e-05,0.421493
3.403078,-4.76258963e-05,0.421493
3.422636,-5.28330221e-05,0.421493
3.442193,-5.73233145e-05,0.421493
3.461751,-6.09831531e-05,0.421493
3.481309,-6.37092610e-05,0.421493
3.500867,-6.54142618e-05,0.421493
3.520425,-6.60317244e-05,0.421493
3.539983,-6.55203753e-05,0.421493
3.559541,-6.38672193e-05,0.421493
3.579099,-6.10893760e-05,0.421493
3.598657,-5.72345224e-05,0.421493
3.618215,-5.23799174e-05,0.421493
3.637773,-4.66300673e-05,0.421493
3.657331,-4.01131719e-05,0.421493
3.676888,-3.29765577e-05,0.421493
3.696446,-2.53813558e-05,0.421493
3.716004,-1.74967202e-05,0.421493
3.735562,-9.49389586e-06,0.421493
3.755120,-1.54044466e-06,0.421493
3.774678,6.20508710e-06,0.421493
3.794236,1.35978106e-05,0.421493
3.813794,2.05102511e-05,0.421493
3.833352,2.68350829e-05,0.421493
3.852910,3.24867753e-05,0.421493
3.872468,3.74021461e-05,0.421493
3.892026,4.15398848e-05,0.421493
3.911583,4.48791650e-05,0.421493
3.931141,4.74175090e-05,0.421493
3.950699,4.91681028e-05,0.421493
3.970257,5.01567799e-05,0.421493
3.989815,5.04188914e-05,0.421493
4.009373,4.99962763e-05,0.421493
4.028931,4.89345164e-05,0.421493
4.048489,4.72806299e-05,0.421493
4.068047,4.50813129e-05,0.421493
4.087605,4.23817927e-05,0.421493
4.107163,3.92253050e-05,0.421493
4.126721,3.56531628e-05,0.421493
4.146278,3.17053401e-05,0.421493
4.165836,2.74214585e-05,0.421493
4.185394,2.28420405e-05,0.421493
4.204952,1.80098769e-05,0.421493
4.224510,1.29713524e-05,0.421493
4.244068,7.77758088e-06,0.421493
4.263626,2.48522140e-06,0.421493
4.283184,-2.84313164e-06,0.421493
4.302742,-8.13905311e-06,0.421493
4.322300,-1.33289214e-05,0.421493
4.341858,-1.83350775e-05,0.421493
4.361416,-2.30774656e-05,0.421493
4.380973,-2.74756795e-05,0.421493
4.400531,-3.14513082e-05,0.421493
4.420089,-3.49304552e-05,0.421493
4.439647,-3.78462922e-05,0.421493
4.459205,-4.01415031e-05,0.421493
4.478763,-4.17704840e-05,0.421493
4.498321,-4.27011730e-05,0.421493
4.517879,-4.29164108e-05,0.421493
4.537437,-4.24147556e-05,0.421493
4.556995,-4.12107106e-05,0.421493
4.576553,-3.93343529e-05,0.421493
4.596111,-3.68303861e-05,0.421493
4.615668,-3.37566706e-05,0.421493
4.635226,-3.01823098e-05,0.421493
4.654784,-2.61853929e-05,0.421493
4.674342,-2.18505086e-05,0.421493
4.693900,-1.72661525e-05,0.421493
4.713458,-1.25221479e-05,0.421493
4.733016,-7.70719494e-06,0.421493
4.752574,-2.90664930e-06,0.421493
4.772132,1.79938906e-06,0.421493
4.791690,6.33761679e-06,0.421493
4.811248,1.06426632e-05,0.421493
4.830806,1.46578120e-05,0.421493
4.850364,1.83353232e-05,0.421493
4.869921,2.16363919e-05,0.421493
4.889479,2.45307972e-05,0.421493
4.909037,2.69963099e-05,0.421493
4.928595,2.90179333e-05,0.421493
4.948153,3.05870555e-05,0.421493
4.967711,3.17005875e-05,0.421493
4.987269,3.23601559e-05,0.421493
5.006827,3.25714033e-05,0.421493
5.026385,3.23434386e-05,0.421493
5.045943,3.16884602e-05,0.421493
5.065501,3.06215574e-05,0.421493
5.085059,2.91606811e-05,0.421493
5.104616,2.73267553e-05,0.421493
5.124174,2.51438924e-05,0.421493
5.143732,2.26396637e-05,0.421493
5.163290,1.98453719e-05,0.421493
5.182848,1.67962727e-05,0.421493
5.202406,1.35316929e-05,0.421493
5.221964,1.00950027e-05,0.421493
5.241522,6.53340620e-06,0.421493
5.261080,2.89753084e-06,0.421493
5.280638,-7.59193338e-07,0.421493
5.300196,-4.38135698e-06,0.421493
5.319754,-7.91257587e-06,0.421493
5.339311,-1.12966428e-05,0.421493
5.358869,-1.44787822e-05,0.421493
5.378427,-1.74069546e-05,0.421493
5.397985,-2.00331548e-05,0.421493
5.417543,-2.23146452e-05,0.421493
5.437101,-2.42150678e-05,0.421493
5.456659,-2.57053867e-05,0.421493
5.476217,-2.67646175e-05,0.421493
5.495775,-2.73803136e-05,0.421493
5.515333,-2.75487914e-05,0.421493
5.534891,-2.72750864e-05,0.421493
5.554449,-2.65726508e-05,0.421493
5.574006,-2.54628084e-05,0.421493
5.593564,-2.39739994e-05,0.421493
5.613122,-2.21408527e-05,0.421493
5.632680,-2.00031299e-05,0.421493
5.652238,-1.76045899e-05,0.421493
5.671796,-1.49918223e-05,0.421493
5.691354,-1.22130957e-05,0.421493
5.710912,-9.31726347e-06,0.421493
5.730470,-6.35276156e-06,0.421493
5.750028,-3.36672637e-06,0.421493
5.769586,-4.04250185e-07,0.421493
5.789144,2.49221649e-06,0.421493
5.808701,5.28331587e-06,0.421493
5.828259,7.93309549e-06,0.421493
5.847817,1.04091977e-05,0.421493
5.867375,1.26829460e-05,0.421493
5.886933,1.47293530e-05,0.421493
5.906491,1.65270740e-05,0.421493
5.926049,1.80583307e-05,0.421493
5.945607,1.93088283e-05,0.421493
5.965165,2.02676830e-05,0.421493
5.984723,2.09273724e-05,0.421493
6.004281,2.12837187e-05,0.421493
6.023839,2.13359026e-05,0.421493
6.043396,2.10865063e-05,0.421493
6.062954,2.05415741e-05,0.421493
6.082512,1.97106772e-05,0.421493
6.102070,1.86069657e-05,0.421493
6.121628,1.72471896e-05,0.421493
6.141186,1.56516701e-05,0.421493
6.160744,1.38442039e-05,0.421493
6.180302,1.18518869e-05,0.421493
6.199860,9.70484780e-06,0.421493
6.219418,7.43588549e-06,0.421493
6.238976,5.08001092e-06,0.421493
6.258534,2.67390025e-06,0.421493
6.278091,2.55269911e-07,0.421493
6.297649,-2.13780960e-06,0.421493
6.317207,-4.46764095e-06,0.421493
6.336765,-6.69764471e-06,0.421493
6.356323,-8.79309672e-06,0.421493
6.375881,-1.07218326e-05,0.421493
6.395439,-1.24548951e-05,0.421493
6.414997,-1.39671022e-05,0.421493
6.434555,-1.52375179e-05,0.421493
6.454113,-1.62498095e-05,0.421493
6.473671,-1.69924850e-05,0.421493
6.493229,-1.74590036e-05,0.421493
6.512786,-1.76477615e-05,0.421493
6.532344,-1.75619596e-05,0.421493
6.551902,-1.72093624e-05,0.421493
6.571460,-1.66019632e-05,0.421493
6.591018,-1.57555726e-05,0.421493
6.610576,-1.46893478e-05,0.421493
6.630134,-1.34252835e-05,0.421493
6.649692,-1.19876827e-05,0.421493
6.669250,-1.04026248e-05,0.421493
6.688808,-8.69744684e-06,0.421493
6.708366,-6.90025090e-06,0.421493
6.727924,-5.03944700e-06,0.421493
6.747481,-3.14333801e-06,0.421493
6.767039,-1.23974969e-06,0.421493
6.786597,6.44293803e-07,0.421493
6.806155,2.48285163e-06,0.421493
6.825713,4.25130928e-06,0.421493
6.845271,5.92658891e-06,0.421493
6.864829,7.48733305e-06,0.421493
6.884387,8.91406830e-06,0.421493
6.903945,1.01893543e-05,0.421493
6.923503,1.12979228e-05,0.421493
6.943061,1.22268088e-05,0.421493
6.962619,1.29654759e-05,0.421493
6.982176,1.35059336e-05,0.421493
7.001734,1.38428439e-05,0.421493
7.021292,1.39736139e-05,0.421493
7.040850,1.38984663e-05,0.421493
7.060408,1.36204832e-05,0.421493
7.079966,1.31456154e-05,0.421493
7.099524,1.24826510e-05,0.421493
7.119082,1.16431375e-05,0.421493
7.138640,1.06412523e-05,0.421493
7.158198,9.49362140e-06,0.421493
7.177756,8.21908277e-06,0.421493
7.197314,6.83839880e-06,0.421493
7.216872,5.37392067e-06,0.421493
7.236429,3.84921146e-06,0.421493
7.255987,2.28863632e-06,0.421493
7.275545,7.16929742e-07,0.421493
7.295103,-8.41248898e-07,0.421493
7.314661,-2.36175964e-06,0.421493
7.334219,-3.82141401e-06,0.421493
7.353777,-5.19838329e-06,0.421493
7.373335,-6.47257226e-06,0.421493
7.392893,-7.62594913e-06,0.421493
7.412451,-8.64282394e-06,0.421493
7.432009,-9.51007009e-06,0.421493
7.451567,-1.02172853e-05,0.421493
7.471124,-1.07568909e-05,0.421493
7.490682,-1.11241707e-05,0.421493
7.510240,-1.13172513e-05,0.421493
7.529798,-1.13370296e-05,0.421493
7.549356,-1.11870525e-05,0.421493
7.568914,-1.08733556e-05,0.421493
7.588472,-1.04042689e-05,0.421493
7.608030,-9.79019602e-06,0.421493
7.627588,-9.04337526e-06,0.421493
7.647146,-8.17762821e-06,0.421493
7.666704,-7.20810272e-06,0.421493
7.686262,-6.15101486e-06,0.421493
7.705819,-5.02339383e-06,0.421493
7.725377,-3.84283293e-06,0.421493
7.744935,-2.62724835e-06,0.421493
7.764493,-1.39464696e-06,0.421493
7.784051,-1.62903452e-07,0.421493
7.803609,1.05045331e-06,0.421493
7.823167,2.22844493e-06,0.421493
7.842725,3.35483958e-06,0.421493
7.862283,4.41433953e-06,0.421493
7.881841,5.39276011e-06,0.421493
7.901399,6.27719908e-06,0.421493
7.920957,7.05619539e-06,0.421493
7.940514,7.71987524e-06,0.421493
7.960072,8.26008318e-06,0.421493
7.979630,8.67049531e-06,0.421493
7.999188,8.94671153e-06,0.421493
8.018746,9.08632368e-06,0.421493
8.038304,9.08895631e-06,0.421493
8.057862,8.95627753e-06,0.421493
8.077420,8.69197758e-06,0.421493
8.096978,8.30171370e-06,0.421493
8.116536,7.79302064e-06,0.421493
8.136094,7.17518719e-06,0.421493
8.155652,6.45910019e-06,0.421493
8.175209,5.65705844e-06,0.421493
8.194767,4.78256000e-06,0.421493
8.214325,3.85006724e-06,0.421493
8.233883,2.87475473e-06,0.421493
8.253441,1.87224559e-06,0.421493
8.272999,8.58342485e-07,0.421493
8.292557,-1.51240961e-07,0.421493
8.312115,-1.14114196e-06,0.421493
8.331673,-2.09659814e-06,0.421493
8.351231,-3.00367967e-06,0.421493
8.370789,-3.84949949e-06,0.421493
8.390347,-4.62239794e-06,0.421493
8.409904,-5.31209923e-06,0.421493
8.429462,-5.90983763e-06,0.421493
8.449020,-6.40845283e-06,0.421493
8.468578,-6.80245418e-06,0.421493
8.488136,-7.08805469e-06,0.421493
8.507694,-7.26317622e-06,0.421493
8.527252,-7.32742787e-06,0.421493
8.546810,-7.28205977e-06,0.421493
8.566368,-7.12989514e-06,0.421493
8.585926,-6.87524311e-06,0.421493
8.605484,-6.52379509e-06,0.421493
8.625042,-6.08250740e-06,0.421493
8.644599,-5.55947238e-06,0.421493
8.664157,-4.96378024e-06,0.421493
8.683715,-4.30537361e-06,0.421493
8.703273,-3.59489646e-06,0.421493
8.722831,-2.84353870e-06,0.421493
8.742389,-2.06287802e-06,0.421493
8.761947,-1.26471994e-06,0.421493
8.781505,-4.60937285e-07,0.421493
8.801063,3.36689608e-07,0.421493
8.820621,1.11663090e-06,0.421493
8.840179,1.86776187e-06,0.421493
8.859737,2.57951274e-06,0.421493
8.879294,3.24201186e-06,0.421493
8.898852,3.84622040e-06,0.421493
8.918410,4.38405659e-06,0.421493
8.937968,4.84850736e-06,0.421493
8.957526,5.23372533e-06,0.421493
8.977084,5.53510909e-06,0.421493
8.996642,5.74936506e-06,0.421493
