# q20(t) of the ideal cut-cell run, N=24, sigma_KO=0.005 (same as the BDNK series), seed (2,0). t in f-mode periods. gamma_per_period = envelope damping rate x P (numerical floor).
t_over_P,q,gamma_per_period
0.000000,4.91151184e-04,0.142474
0.018669,4.82017347e-04,0.142474
0.037338,4.55620382e-04,0.142474
0.056007,4.13674762e-04,0.142474
0.074676,3.58867734e-04,0.142474
0.093345,2.94589515e-04,0.142474
0.112014,2.24611424e-04,0.142474
0.130682,1.52752889e-04,0.142474
0.149351,8.25761253e-05,0.142474
0.168020,1.71395106e-05,0.142474
0.186689,-4.11708746e-05,0.142474
0.205358,-9.07248608e-05,0.142474
0.224027,-1.30652128e-04,0.142474
0.242696,-1.60780675e-04,0.142474
0.261365,-1.81529318e-04,0.142474
0.280034,-1.93775171e-04,0.142474
0.298703,-1.98715175e-04,0.142474
0.317372,-1.97736587e-04,0.142474
0.336041,-1.92306071e-04,0.142474
0.354710,-1.83881633e-04,0.142474
0.373378,-1.73847137e-04,0.142474
0.392047,-1.63465830e-04,0.142474
0.410716,-1.53847603e-04,0.142474
0.429385,-1.45924496e-04,0.142474
0.448054,-1.40429911e-04,0.142474
0.466723,-1.37878864e-04,0.142474
0.485392,-1.38548784e-04,0.142474
0.504061,-1.42462474e-04,0.142474
0.522730,-1.49376464e-04,0.142474
0.541399,-1.58778790e-04,0.142474
0.560068,-1.69900169e-04,0.142474
0.578737,-1.81741568e-04,0.142474
0.597405,-1.93119549e-04,0.142474
0.616074,-2.02728711e-04,0.142474
0.634743,-2.09218501e-04,0.142474
0.653412,-2.11279776e-04,0.142474
0.672081,-2.07735172e-04,0.142474
0.690750,-1.97626620e-04,0.142474
0.709419,-1.80293319e-04,0.142474
0.728088,-1.55434097e-04,0.142474
0.746757,-1.23149216e-04,0.142474
0.765426,-8.39581810e-05,0.142474
0.784095,-3.87918401e-05,0.142474
0.802764,1.10411978e-05,0.142474
0.821433,6.39120820e-05,0.142474
0.840101,1.17949917e-04,0.142474
0.858770,1.71136091e-04,0.142474
0.877439,2.21409210e-04,0.142474
0.896108,2.66774439e-04,0.142474
0.914777,3.05410790e-04,0.142474
0.933446,3.35769933e-04,0.142474
0.952115,3.56660575e-04,0.142474
0.970784,3.67313266e-04,0.142474
0.989453,3.67421610e-04,0.142474
1.008122,3.57157254e-04,0.142474
1.026791,3.37157663e-04,0.142474
1.045460,3.08487336e-04,0.142474
1.064129,2.72574821e-04,0.142474
1.082797,2.31129425e-04,0.142474
1.101466,1.86042824e-04,0.142474
1.120135,1.39281733e-04,0.142474
1.138804,9.27783466e-05,0.142474
1.157473,4.83253588e-05,0.142474
1.176142,7.48200949e-06,0.142474
1.194811,-2.85032116e-05,0.142474
1.213480,-5.87487275e-05,0.142474
1.232149,-8.27718849e-05,0.142474
1.250818,-1.00495418e-04,0.142474
1.269487,-1.12228645e-04,0.142474
1.288156,-1.18625300e-04,0.142474
1.306824,-1.20621321e-04,0.142474
1.325493,-1.19357117e-04,0.142474
1.344162,-1.16089659e-04,0.142474
1.362831,-1.12100211e-04,0.142474
1.381500,-1.08603607e-04,0.142474
1.400169,-1.06664685e-04,0.142474
1.418838,-1.07126845e-04,0.142474
1.437507,-1.10556825e-04,0.142474
1.456176,-1.17208640e-04,0.142474
1.474845,-1.27008417e-04,0.142474
1.493514,-1.39560540e-04,0.142474
1.512183,-1.54174256e-04,0.142474
1.530852,-1.69908751e-04,0.142474
1.549520,-1.85633640e-04,0.142474
1.568189,-2.00101050e-04,0.142474
1.586858,-2.12024889e-04,0.142474
1.605527,-2.20162566e-04,0.142474
1.624196,-2.23394411e-04,0.142474
1.642865,-2.20796221e-04,0.142474
1.661534,-2.11700849e-04,0.142474
1.680203,-1.95745375e-04,0.142474
1.698872,-1.72901290e-04,0.142474
1.717541,-1.43486030e-04,0.142474
1.736210,-1.08155305e-04,0.142474
1.754879,-6.78766692e-05,0.142474
1.773548,-2.38858713e-05,0.142474
1.792216,2.23715962e-05,0.142474
1.810885,6.93104755e-05,0.142474
1.829554,1.15283390e-04,0.142474
1.848223,1.58661879e-04,0.142474
1.866892,1.97916368e-04,0.142474
1.885561,2.31690726e-04,0.142474
1.904230,2.58867342e-04,0.142474
1.922899,2.78619238e-04,0.142474
1.941568,2.90446453e-04,0.142474
1.960237,2.94194838e-04,0.142474
1.978906,2.90056391e-04,0.142474
1.997575,2.78551308e-04,0.142474
2.016243,2.60492954e-04,0.142474
2.034912,2.36937911e-04,0.142474
2.053581,2.09124095e-04,0.142474
2.072250,1.78400575e-04,0.142474
2.090919,1.46153171e-04,0.142474
2.109588,1.13730120e-04,0.142474
2.128257,8.23720170e-05,0.142474
2.146926,5.31499928e-05,0.142474
2.165595,2.69155139e-05,0.142474
2.184264,4.26451275e-06,0.142474
2.202933,-1.44823386e-05,0.142474
2.221602,-2.92823581e-05,0.142474
2.240271,-4.03567529e-05,0.142474
2.258939,-4.81608457e-05,0.142474
2.277608,-5.33407049e-05,0.142474
2.296277,-5.66790394e-05,0.142474
2.314946,-5.90338276e-05,0.142474
2.333615,-6.12735414e-05,0.142474
2.352284,-6.42129904e-05,0.142474
2.370953,-6.85537245e-05,0.142474
2.389622,-7.48326185e-05,0.142474
2.408291,-8.33817285e-05,0.142474
2.426960,-9.43017997e-05,0.142474
2.445629,-1.07450957e-04,0.142474
2.464298,-1.22449183e-04,0.142474
2.482967,-1.38698218e-04,0.142474
2.501635,-1.55415619e-04,0.142474
2.520304,-1.71680833e-04,0.142474
2.538973,-1.86490473e-04,0.142474
2.557642,-1.98819433e-04,0.142474
2.576311,-2.07684160e-04,0.142474
2.594980,-2.12204291e-04,0.142474
2.613649,-2.11659004e-04,0.142474
2.632318,-2.05534742e-04,0.142474
2.650987,-1.93561518e-04,0.142474
2.669656,-1.75735692e-04,0.142474
2.688325,-1.52327906e-04,0.142474
2.706994,-1.23875761e-04,0.142474
2.725662,-9.11616723e-05,0.142474
2.744331,-5.51772223e-05,0.142474
2.763000,-1.70760765e-05,0.142474
2.781669,2.18818249e-05,0.142474
2.800338,6.03916184e-05,0.142474
2.819007,9.71669480e-05,0.142474
2.837676,1.31001929e-04,0.142474
2.856345,1.60828222e-04,0.142474
2.875014,1.85764130e-04,0.142474
2.893683,2.05153090e-04,0.142474
2.912352,2.18589611e-04,0.142474
2.931021,2.25931422e-04,0.142474
2.949690,2.27297396e-04,0.142474
2.968358,2.23051650e-04,0.142474
2.987027,2.13774969e-04,0.142474
3.005696,2.00225439e-04,0.142474
3.024365,1.83290730e-04,0.142474
3.043034,1.63934912e-04,0.142474
3.061703,1.43142958e-04,0.142474
3.080372,1.21866151e-04,0.142474
3.099041,1.00971510e-04,0.142474
3.117710,8.11980479e-05,0.142474
3.136379,6.31222547e-05,0.142474
3.155048,4.71345786e-05,0.142474
3.173717,3.34280417e-05,0.142474
3.192386,2.19993738e-05,0.142474
3.211054,1.26623133e-05,0.142474
3.229723,5.07201099e-06,0.142474
3.248392,-1.24116502e-06,0.142474
3.267061,-6.83066029e-06,0.142474
3.285730,-1.22882279e-05,0.142474
3.304399,-1.81967488e-05,0.142474
3.323068,-2.50843056e-05,0.142474
3.341737,-3.33823270e-05,0.142474
3.360406,-4.33903467e-05,0.142474
3.379075,-5.52495012e-05,0.142474
3.397744,-6.89263481e-05,0.142474
3.416413,-8.42079587e-05,0.142474
3.435081,-1.00708561e-04,0.142474
3.453750,-1.17887315e-04,0.142474
3.472419,-1.35076153e-04,0.142474
3.491088,-1.51516015e-04,0.142474
3.509757,-1.66399329e-04,0.142474
3.528426,-1.78916225e-04,0.142474
3.547095,-1.88301773e-04,0.142474
3.565764,-1.93881454e-04,0.142474
3.584433,-1.95112241e-04,0.142474
3.603102,-1.91616870e-04,0.142474
3.621771,-1.83209346e-04,0.142474
3.640440,-1.69910189e-04,0.142474
3.659109,-1.51950572e-04,0.142474
3.677777,-1.29765106e-04,0.142474
3.696446,-1.03973698e-04,0.142474
3.715115,-7.53535283e-05,0.142474
3.733784,-4.48027366e-05,0.142474
3.752453,-1.32978785e-05,0.142474
3.771122,1.81524592e-05,0.142474
3.789791,4.85552972e-05,0.142474
3.808460,7.69795272e-05,0.142474
3.827129,1.02598276e-04,0.142474
3.845798,1.24725097e-04,0.142474
3.864467,1.42842095e-04,0.142474
3.883136,1.56618571e-04,0.142474
3.901805,1.65919338e-04,0.142474
3.920473,1.70802440e-04,0.142474
3.939142,1.71506643e-04,0.142474
3.957811,1.68429610e-04,0.142474
3.976480,1.62098222e-04,0.142474
3.995149,1.53132897e-04,0.142474
4.013818,1.42208110e-04,0.142474
4.032487,1.30011464e-04,0.142474
4.051156,1.17203717e-04,0.142474
4.069825,1.04382075e-04,0.142474
4.088494,9.20488162e-05,0.142474
4.107163,8.05869774e-05,0.142474
4.125832,7.02443666e-05,0.142474
4.144500,6.11266784e-05,0.142474
4.163169,5.31999150e-05,0.142474
4.181838,4.63017708e-05,0.142474
4.200507,4.01611073e-05,0.142474
4.219176,3.44241745e-05,0.142474
4.237845,2.86858487e-05,0.142474
4.256514,2.25238805e-05,0.142474
4.275183,1.55339883e-05,0.142474
4.293852,7.36360422e-06,0.142474
4.312521,-2.25781464e-06,0.142474
4.331190,-1.34937760e-05,0.142474
4.349859,-2.63825740e-05,0.142474
4.368528,-4.08270545e-05,0.142474
4.387196,-5.65929559e-05,0.142474
4.405865,-7.33159400e-05,0.142474
4.424534,-9.05169121e-05,0.142474
4.443203,-1.07624741e-04,0.142474
4.461872,-1.24005058e-04,0.142474
4.480541,-1.38993446e-04,0.142474
4.499210,-1.51931120e-04,0.142474
4.517879,-1.62200995e-04,0.142474
4.536548,-1.69262098e-04,0.142474
4.555217,-1.72680324e-04,0.142474
4.573886,-1.72153786e-04,0.142474
4.592555,-1.67531325e-04,0.142474
4.611224,-1.58823134e-04,0.142474
4.629892,-1.46202917e-04,0.142474
4.648561,-1.30001482e-04,0.142474
4.667230,-1.10692163e-04,0.142474
4.685899,-8.88689094e-05,0.142474
4.704568,-6.52183127e-05,0.142474
4.723237,-4.04871397e-05,0.142474
4.741906,-1.54472067e-05,0.142474
4.760575,9.14046140e-06,0.142474
4.779244,3.25602202e-05,0.142474
4.797913,5.41732740e-05,0.142474
4.816582,7.34443585e-05,0.142474
4.835251,8.99622685e-05,0.142474
4.853919,1.03453232e-04,0.142474
4.872588,1.13786558e-04,0.142474
4.891257,1.20972423e-04,0.142474
4.909926,1.25152141e-04,0.142474
4.928595,1.26581641e-04,0.142474
4.947264,1.25609308e-04,0.142474
4.965933,1.22649586e-04,0.142474
4.984602,1.18154024e-04,0.142474
5.003271,1.12581503e-04,0.142474
5.021940,1.06369439e-04,0.142474
5.040609,9.99076377e-05,0.142474
5.059278,9.35163115e-05,0.142474
5.077947,8.74294743e-05,0.142474
5.096615,8.17845991e-05,0.142474
5.115284,7.66190365e-05,0.142474
5.133953,7.18732706e-05,0.142474
5.152622,6.74006854e-05,0.142474
5.171291,6.29831221e-05,0.142474
5.189960,5.83511700e-05,0.142474
5.208629,5.32078595e-05,0.142474
5.227298,4.72542363e-05,0.142474
5.245967,4.02151931e-05,0.142474
5.264636,3.18639363e-05,0.142474
5.283305,2.20435594e-05,0.142474
5.301974,1.06843747e-05,0.142474
5.320643,-2.18407801e-06,0.142474
5.339311,-1.64271075e-05,0.142474
5.357980,-3.18054261e-05,0.142474
5.376649,-4.79821928e-05,0.142474
5.395318,-6.45361667e-05,0.142474
5.413987,-8.09802388e-05,0.142474
5.432656,-9.67842920e-05,0.142474
5.451325,-1.11401091e-04,0.142474
5.469994,-1.24293730e-04,0.142474
5.488663,-1.34963082e-04,0.142474
5.507332,-1.42973694e-04,0.142474
5.526001,-1.47976675e-04,0.142474
5.544670,-1.49728284e-04,0.142474
5.563338,-1.48103205e-04,0.142474
5.582007,-1.43101775e-04,0.142474
5.600676,-1.34850786e-04,0.142474
5.619345,-1.23597863e-04,0.142474
5.638014,-1.09699757e-04,0.142474
5.656683,-9.36052420e-05,0.142474
5.675352,-7.58336102e-05,0.142474
5.694021,-5.69499724e-05,0.142474
5.712690,-3.75387557e-05,0.142474
5.731359,-1.81768594e-05,0.142474
5.750028,5.92066854e-07,0.142474
5.768697,1.82808461e-05,0.142474
5.787366,3.44782860e-05,0.142474
5.806034,4.88639985e-05,0.142474
5.824703,6.12178282e-05,0.142474
5.843372,7.14235139e-05,0.142474
5.862041,7.94665404e-05,0.142474
5.880710,8.54264752e-05,0.142474
5.899379,8.94643947e-05,0.142474
5.918048,9.18062766e-05,0.142474
5.936717,9.27234517e-05,0.142474
5.955386,9.25113586e-05,0.142474
5.974055,9.14679192e-05,0.142474
5.992724,8.98728471e-05,0.142474
6.011393,8.79691246e-05,0.142474
6.030062,8.59477276e-05,0.142474
6.048730,8.39364665e-05,0.142474
6.067399,8.19935501e-05,0.142474
6.086068,8.01061831e-05,0.142474
6.104737,7.81942011e-05,0.142474
6.123406,7.61184414e-05,0.142474
6.142075,7.36932647e-05,0.142474
6.160744,7.07023961e-05,0.142474
6.179413,6.69170611e-05,0.142474
6.198082,6.21152621e-05,0.142474
6.216751,5.61009765e-05,0.142474
6.235420,4.87220735e-05,0.142474
6.254089,3.98858248e-05,0.142474
6.272757,2.95710366e-05,0.142474
6.291426,1.78360317e-05,0.142474
6.310095,4.82196246e-06,0.142474
6.328764,-9.24879006e-06,0.142474
6.347433,-2.40790839e-05,0.142474
6.366102,-3.93080187e-05,0.142474
6.384771,-5.45258766e-05,0.142474
6.403440,-6.92921784e-05,0.142474
6.422109,-8.31558510e-05,0.142474
6.440778,-9.56763868e-05,0.142474
6.459447,-1.06444816e-04,0.142474
6.478116,-1.15103337e-04,0.142474
6.496785,-1.21362515e-04,0.142474
6.515453,-1.25015125e-04,0.142474
6.534122,-1.25945889e-04,0.142474
6.552791,-1.24136594e-04,0.142474
6.571460,-1.19666369e-04,0.142474
6.590129,-1.12707126e-04,0.142474
6.608798,-1.03514474e-04,0.142474
6.627467,-9.24146646e-05,0.142474
6.646136,-7.97883129e-05,0.142474
6.664805,-6.60518347e-05,0.142474
6.683474,-5.16376477e-05,0.142474
6.702143,-3.69742277e-05,0.142474
6.720812,-2.24671078e-05,0.142474
6.739481,-8.48183409e-06,0.142474
6.758149,4.67024261e-06,0.142474
6.776818,1.67426324e-05,0.142474
6.795487,2.75603448e-05,0.142474
6.814156,3.70222535e-05,0.142474
6.832825,4.50991928e-05,0.142474
6.851494,5.18280384e-05,0.142474
6.870163,5.73022542e-05,0.142474
6.888832,6.16595813e-05,0.142474
6.907501,6.50677010e-05,0.142474
6.926170,6.77088054e-05,0.142474
6.944839,6.97640542e-05,0.142474
6.963508,7.13988867e-05,0.142474
6.982176,7.27500847e-05,0.142474
7.000845,7.39153644e-05,0.142474
7.019514,7.49461072e-05,0.142474
7.038183,7.58436396e-05,0.142474
7.056852,7.65592528e-05,0.142474
7.075521,7.69979179e-05,0.142474
7.094190,7.70254325e-05,0.142474
7.112859,7.64785233e-05,0.142474
7.131528,7.51772539e-05,0.142474
7.150197,7.29389513e-05,0.142474
7.168866,6.95927738e-05,0.142474
7.187535,6.49940102e-05,0.142474
7.206204,5.90372153e-05,0.142474
7.224872,5.16673597e-05,0.142474
7.243541,4.28882915e-05,0.142474
7.262210,3.27679655e-05,0.142474
7.280879,2.14400874e-05,0.142474
7.299548,9.10203138e-06,0.142474
7.318217,-3.99089399e-06,0.142474
7.336886,-1.75345454e-05,0.142474
7.355555,-3.11879278e-05,0.142474
7.374224,-4.45874155e-05,0.142474
7.392893,-5.73624397e-05,0.142474
7.411562,-6.91517864e-05,0.142474
7.430231,-7.96196223e-05,0.142474
7.448900,-8.84703801e-05,0.142474
7.467568,-9.54617066e-05,0.142474
7.486237,-1.00414790e-04,0.142474
7.504906,-1.03221534e-04,0.142474
7.523575,-1.03848225e-04,0.142474
7.542244,-1.02335541e-04,0.142474
7.560913,-9.87949547e-05,0.142474
7.579582,-9.34017750e-05,0.142474
7.598251,-8.63852705e-05,0.142474
7.616920,-7.80164557e-05,0.142474
7.635589,-6.85942540e-05,0.142474
7.654258,-5.84308234e-05,0.142474
7.672927,-4.78368627e-05,0.142474
7.691595,-3.71077021e-05,0.142474
7.710264,-2.65109190e-05,0.142474
7.728933,-1.62761174e-05,0.142474
7.747602,-6.58737094e-06,0.142474
7.766271,2.42133562e-06,0.142474
7.784940,1.06675120e-05,0.142474
7.803609,1.81184490e-05,0.142474
7.822278,2.47866018e-05,0.142474
7.840947,3.07224514e-05,0.142474
7.859616,3.60053679e-05,0.142474
7.878285,4.07331070e-05,0.142474
7.896954,4.50106396e-05,0.142474
7.915623,4.89390432e-05,0.142474
7.934291,5.26051631e-05,0.142474
7.952960,5.60726977e-05,0.142474
7.971629,5.93752594e-05,0.142474
7.990298,6.25118392e-05,0.142474
8.008967,6.54449469e-05,0.142474
8.027636,6.81015337e-05,0.142474
8.046305,7.03766302e-05,0.142474
8.064974,7.21394683e-05,0.142474
8.083643,7.32417041e-05,0.142474
8.102312,7.35272301e-05,0.142474
8.120981,7.28429724e-05,0.142474
8.139650,7.10500071e-05,0.142474
8.158319,6.80343110e-05,0.142474
8.176987,6.37164846e-05,0.142474
8.195656,5.80598440e-05,0.142474
8.214325,5.10763731e-05,0.142474
8.232994,4.28301548e-05,0.142474
8.251663,3.34380424e-05,0.142474
8.270332,2.30674954e-05,0.142474
8.289001,1.19316636e-05,0.142474
8.307670,2.81963813e-07,0.142474
8.326339,-1.16014665e-05,0.142474
8.345008,-2.34209347e-05,0.142474
8.363677,-3.48733816e-05,0.142474
8.382346,-4.56629465e-05,0.142474
8.401015,-5.55132397e-05,0.142474
8.419683,-6.41786762e-05,0.142474
8.438352,-7.14542830e-05,0.142474
8.457021,-7.71834771e-05,0.142474
8.475690,-8.12634352e-05,0.142474
8.494359,-8.36478080e-05,0.142474
8.513028,-8.43466843e-05,0.142474
8.531697,-8.34238637e-05,0.142474
8.550366,-8.09916438e-05,0.142474
8.569035,-7.72034605e-05,0.142474
8.587704,-7.22448354e-05,0.142474
8.606373,-6.63231673e-05,0.142474
8.625042,-5.96569577e-05,0.142474
8.643710,-5.24650809e-05,0.142474
8.662379,-4.49566886e-05,0.142474
8.681048,-3.73222918e-05,0.142474
8.699717,-2.97264795e-05,0.142474
8.718386,-2.23026279e-05,0.142474
8.737055,-1.51498296e-05,0.142474
8.755724,-8.33213542e-06,0.142474
8.774393,-1.88006160e-06,0.142474
8.793062,4.20581573e-06,0.142474
8.811731,9.94948198e-06,0.142474
8.830400,1.53927229e-05,0.142474
8.849069,2.05874590e-05,0.142474
8.867738,2.55876998e-05,0.142474
8.886406,3.04416566e-05,0.142474
8.905075,3.51845331e-05,0.142474
8.923744,3.98324656e-05,0.142474
8.942413,4.43780069e-05,0.142474
8.961082,4.87874485e-05,0.142474
8.979751,5.30001590e-05,0.142474
8.998420,5.69299926e-05,0.142474
