t,rhoc,errD,Mb,q00,q20,q22,vatm
0.000,1.2799999990e-03,9.422089e-08,1.5060784070e+00,1.5060776152e+00,1.1620006387e-06,-9.0799745028e-16,0.0000e+00
1.045,1.2799999760e-03,3.918836e-04,1.5060971011e+00,1.5060963093e+00,2.0410643746e-03,-3.2718718716e-15,4.0479e-02
2.089,1.2800002697e-03,4.402026e-04,1.5060971829e+00,1.5060963911e+00,4.0738952992e-03,1.5970455462e-16,3.4032e-02
3.134,1.2800006922e-03,4.848121e-04,1.5060972050e+00,1.5060964133e+00,6.0951950306e-03,-1.3320725210e-15,5.9255e-02
4.178,1.2800012094e-03,7.057477e-04,1.5061145452e+00,1.5061137534e+00,8.0954310407e-03,6.9559215116e-16,3.4077e-02
5.223,1.2800018781e-03,6.408758e-04,1.5061151637e+00,1.5061143719e+00,1.0071090481e-02,-3.8724349776e-16,4.6216e-02
6.267,1.2800023344e-03,5.703425e-04,1.5061156580e+00,1.5061148663e+00,1.2023077378e-02,-2.0049731204e-16,6.8018e-02
7.312,1.2800028096e-03,7.304390e-04,1.5061314337e+00,1.5061306419e+00,1.3705764018e-02,2.5463526901e-15,7.7851e-02
8.356,1.2800034880e-03,6.345550e-04,1.5061338130e+00,1.5061330212e+00,1.5794804720e-02,7.7232240582e-16,6.7577e-02
9.401,1.2800039597e-03,5.390114e-04,1.5061348123e+00,1.5061340205e+00,1.7618881970e-02,2.5875006313e-15,7.3775e-02
10.445,1.2800040818e-03,6.424038e-04,1.5061452649e+00,1.5061444731e+00,1.8823774766e-02,5.8969987817e-18,8.3687e-02
11.490,1.2800042017e-03,6.478265e-04,1.5061499913e+00,1.5061491995e+00,2.0645262512e-02,3.8745190140e-16,9.3630e-02
12.534,1.2800041291e-03,6.193319e-04,1.5061531705e+00,1.5061523787e+00,2.2504979827e-02,-1.7034563182e-15,1.0365e-01
13.579,1.2800036411e-03,6.128735e-04,1.5061563863e+00,1.5061555945e+00,2.3858465916e-02,-6.7501837669e-16,1.1176e-01
14.623,1.2800030921e-03,6.382457e-04,1.5061605017e+00,1.5061597099e+00,2.5164712276e-02,2.0423206975e-15,1.2028e-01
15.668,1.2800028803e-03,6.311249e-04,1.5061614453e+00,1.5061606535e+00,2.6495579703e-02,1.2146097146e-15,1.2794e-01
16.712,1.2800026633e-03,6.383701e-04,1.5061623669e+00,1.5061615751e+00,2.7708498079e-02,1.8001833018e-15,1.3488e-01
17.757,1.2800018476e-03,6.538662e-04,1.5061631653e+00,1.5061623735e+00,2.8812778035e-02,1.0403727400e-15,1.4120e-01
18.801,1.2800007135e-03,6.738925e-04,1.5061638058e+00,1.5061630140e+00,2.9799784132e-02,-2.3554896680e-15,1.4702e-01
19.846,1.2800001208e-03,6.981186e-04,1.5061644547e+00,1.5061636630e+00,3.0654712455e-02,2.4626158782e-15,1.5246e-01
20.890,1.2800005755e-03,7.216077e-04,1.5061650703e+00,1.5061642785e+00,3.1381479661e-02,-1.0212157712e-15,1.5760e-01
21.935,1.2800017544e-03,7.443657e-04,1.5061656841e+00,1.5061648923e+00,3.1977466532e-02,-2.5062669644e-16,1.6241e-01
22.979,1.2800028204e-03,7.652045e-04,1.5061661709e+00,1.5061653791e+00,3.2431612368e-02,2.1368649685e-15,1.6689e-01
24.024,1.2800031088e-03,7.827711e-04,1.5061666772e+00,1.5061658854e+00,3.2756885214e-02,5.7354654796e-16,1.7109e-01
25.068,1.2800026468e-03,7.973797e-04,1.5061671665e+00,1.5061663748e+00,3.2957316594e-02,-3.4812631643e-16,1.7510e-01
26.113,1.2800021517e-03,8.083278e-04,1.5061676243e+00,1.5061668325e+00,3.3027012539e-02,-3.5797592862e-16,1.7789e-01
27.157,1.2800024304e-03,8.161164e-04,1.5061680193e+00,1.5061672275e+00,3.2956109550e-02,-5.9131587041e-16,1.8052e-01
28.202,1.2800035721e-03,8.209395e-04,1.5061683034e+00,1.5061675116e+00,3.2772328032e-02,-5.0782289954e-16,1.7976e-01
29.246,1.2800045276e-03,8.221760e-04,1.5061685703e+00,1.5061677786e+00,3.2454605026e-02,-2.5935286273e-15,1.8392e-01
30.291,1.2800033916e-03,8.206585e-04,1.5061689604e+00,1.5061681686e+00,3.2009802378e-02,2.2563735828e-15,1.8780e-01
31.335,1.2799982729e-03,8.378898e-04,1.5061707768e+00,1.5061699850e+00,3.1323344283e-02,5.7042008273e-15,1.8721e-01
32.380,1.2799883613e-03,8.319684e-04,1.5061711545e+00,1.5061703627e+00,3.0636140878e-02,-9.2528217759e-16,1.7900e-01
33.424,1.2799747379e-03,8.264880e-04,1.5061715879e+00,1.5061707961e+00,2.9837978177e-02,2.0419659859e-15,1.5908e-01
34.469,1.2799606503e-03,8.406270e-04,1.5061730070e+00,1.5061722152e+00,2.8855684160e-02,-1.5634117178e-15,1.3872e-01
35.513,1.2799511650e-03,8.353980e-04,1.5061734665e+00,1.5061726748e+00,2.7863053805e-02,1.1356851823e-15,1.2047e-01
36.558,1.2799523016e-03,8.328718e-04,1.5061738196e+00,1.5061730278e+00,2.6783896266e-02,-1.7369404878e-16,1.1050e-01
37.602,1.2799699273e-03,8.335099e-04,1.5061741757e+00,1.5061733839e+00,2.5633245314e-02,-2.2529385593e-15,1.0757e-01
38.647,1.2800087532e-03,8.384180e-04,1.5061746459e+00,1.5061738541e+00,2.4406111288e-02,1.5256928195e-15,1.0857e-01
39.691,1.2800716406e-03,8.482506e-04,1.5061751259e+00,1.5061743341e+00,2.3100284298e-02,8.9697203552e-16,1.1519e-01
40.736,1.2801592626e-03,8.630692e-04,1.5061758359e+00,1.5061750440e+00,2.1739220588e-02,2.4148692077e-15,1.2159e-01
41.780,1.2802700764e-03,8.841002e-04,1.5061762996e+00,1.5061755077e+00,2.0273063592e-02,2.0262913570e-15,1.2776e-01
42.825,1.2804006420e-03,9.113105e-04,1.5061768016e+00,1.5061760096e+00,1.8740913410e-02,-4.7162531763e-15,1.3373e-01
43.869,1.2805462134e-03,9.444625e-04,1.5061775033e+00,1.5061767112e+00,1.7142676925e-02,4.0044481264e-16,1.3911e-01
44.914,1.2807014980e-03,9.832468e-04,1.5061781810e+00,1.5061773888e+00,1.5482449953e-02,1.0620773606e-15,1.4487e-01
45.958,1.2808614184e-03,1.025755e-03,1.5061789772e+00,1.5061781848e+00,1.3753860460e-02,-4.6745120232e-17,1.5055e-01
47.003,1.2810216935e-03,1.070498e-03,1.5061798155e+00,1.5061790230e+00,1.1975665160e-02,-2.2698729723e-15,1.5755e-01
48.047,1.2811790913e-03,1.114917e-03,1.5061809410e+00,1.5061801485e+00,1.0147270790e-02,6.6744297776e-15,1.6203e-01
49.092,1.2813312772e-03,1.157757e-03,1.5061819468e+00,1.5061811542e+00,8.2593001430e-03,6.9918522828e-15,1.6741e-01
50.136,1.2814762789e-03,1.195264e-03,1.5061831016e+00,1.5061823089e+00,6.3501147649e-03,9.8326758520e-16,1.7020e-01
51.181,1.2816116690e-03,1.223522e-03,1.5061842289e+00,1.5061834361e+00,4.3974085318e-03,2.5912121153e-15,1.7468e-01
52.225,1.2817336122e-03,1.239651e-03,1.5061850261e+00,1.5061842332e+00,2.4549036998e-03,5.0511637947e-15,1.7441e-01
53.270,1.2818359648e-03,1.239833e-03,1.5061860863e+00,1.5061852934e+00,4.8149409120e-04,1.5695255055e-15,1.7775e-01
54.314,1.2819096853e-03,1.222388e-03,1.5061867406e+00,1.5061859476e+00,-1.4756881750e-03,4.4938869658e-16,1.8083e-01
55.359,1.2819428604e-03,1.183951e-03,1.5061878055e+00,1.5061870125e+00,-3.4530647976e-03,-5.4510954557e-15,1.8008e-01
56.403,1.2819216059e-03,1.124755e-03,1.5061881704e+00,1.5061873775e+00,-5.3834714478e-03,-1.7497409969e-15,1.6668e-01
57.448,1.2818319647e-03,1.043908e-03,1.5061886798e+00,1.5061878869e+00,-7.3246790148e-03,4.4157942136e-15,1.6607e-01
58.492,1.2816625880e-03,9.448508e-04,1.5061890104e+00,1.5061882176e+00,-9.2411831622e-03,-1.8503921694e-15,1.6997e-01
59.537,1.2814076566e-03,8.347356e-04,1.5061892662e+00,1.5061884735e+00,-1.1121494117e-02,-8.1602154484e-16,1.7233e-01
60.581,1.2810692925e-03,7.266025e-04,1.5061897603e+00,1.5061889679e+00,-1.2992184678e-02,1.8046576728e-15,1.7592e-01
61.626,1.2806587150e-03,6.431678e-04,1.5061902293e+00,1.5061894371e+00,-1.4805095256e-02,2.3166239224e-15,1.7521e-01
62.670,1.2801957350e-03,6.127691e-04,1.5061907459e+00,1.5061899539e+00,-1.6595406321e-02,-3.4637733040e-15,1.7705e-01
63.715,1.2797066331e-03,6.530915e-04,1.5061910859e+00,1.5061902943e+00,-1.8314436651e-02,1.0596634233e-15,1.5965e-01
64.759,1.2792209118e-03,7.523959e-04,1.5061915757e+00,1.5061907844e+00,-1.9960417082e-02,-7.7708315084e-16,1.2945e-01
65.804,1.2787676133e-03,8.836551e-04,1.5061919875e+00,1.5061911964e+00,-2.1564565747e-02,1.7768937645e-15,1.3020e-01
66.848,1.2783720080e-03,1.029957e-03,1.5061935014e+00,1.5061927106e+00,-2.2917933062e-02,1.3322569675e-15,1.3356e-01
67.893,1.2780531243e-03,1.158080e-03,1.5061939883e+00,1.5061931977e+00,-2.4348431927e-02,1.4154161937e-15,1.3555e-01
68.937,1.2778224614e-03,1.266739e-03,1.5061943563e+00,1.5061935658e+00,-2.5711299165e-02,-5.0474477080e-15,1.3693e-01
69.982,1.2776839008e-03,1.349031e-03,1.5061947724e+00,1.5061939820e+00,-2.6974354987e-02,1.1962686487e-15,1.3782e-01
71.026,1.2776346080e-03,1.401389e-03,1.5061951951e+00,1.5061944047e+00,-2.8137185460e-02,1.4720261861e-15,1.3851e-01
72.071,1.2776665927e-03,1.422648e-03,1.5061955990e+00,1.5061948087e+00,-2.9198281262e-02,-3.7663289137e-15,1.3945e-01
73.115,1.2777685071e-03,1.413658e-03,1.5061959350e+00,1.5061951446e+00,-3.0157459232e-02,7.3942244334e-17,1.4558e-01
74.160,1.2779273155e-03,1.376632e-03,1.5061963106e+00,1.5061955201e+00,-3.0997441421e-02,5.3940027862e-15,1.4926e-01
75.204,1.2781296247e-03,1.314995e-03,1.5061965715e+00,1.5061957809e+00,-3.1728224776e-02,-9.5295202162e-16,1.5429e-01
76.249,1.2783626490e-03,1.232783e-03,1.5061968831e+00,1.5061960923e+00,-3.2335630450e-02,6.5230190258e-16,1.5576e-01
77.293,1.2786148726e-03,1.134800e-03,1.5061971332e+00,1.5061963423e+00,-3.2821734426e-02,2.1770358179e-15,1.5835e-01
78.338,1.2788765026e-03,1.026411e-03,1.5061974723e+00,1.5061966812e+00,-3.3171206112e-02,-2.7968631175e-15,1.6310e-01
79.382,1.2791397295e-03,9.141849e-04,1.5061977164e+00,1.5061969251e+00,-3.3402607552e-02,-1.9364209471e-15,1.6771e-01
80.427,1.2793988151e-03,8.057858e-04,1.5061979619e+00,1.5061971705e+00,-3.3501944700e-02,1.9674788879e-16,1.7217e-01
81.471,1.2796499436e-03,7.106815e-04,1.5061982712e+00,1.5061974796e+00,-3.3463968985e-02,2.5063439605e-15,1.7650e-01
82.516,1.2798908683e-03,6.399113e-04,1.5061985935e+00,1.5061978017e+00,-3.3296685072e-02,-1.3969658348e-15,1.7630e-01
83.560,1.2801203816e-03,6.035650e-04,1.5061988636e+00,1.5061980718e+00,-3.2991531517e-02,-2.9265600448e-15,1.8049e-01
84.605,1.2803377471e-03,6.056570e-04,1.5061991934e+00,1.5061984014e+00,-3.2559356325e-02,-3.7387107266e-15,1.8444e-01
85.649,1.2805422182e-03,6.414638e-04,1.5061995174e+00,1.5061987253e+00,-3.1998197212e-02,-2.3538997603e-15,1.8835e-01
86.694,1.2807327152e-03,6.999199e-04,1.5061999478e+00,1.5061991556e+00,-3.1312620944e-02,1.1904316793e-15,1.9211e-01
87.738,1.2809077276e-03,7.698296e-04,1.5062003644e+00,1.5061995721e+00,-3.0508150087e-02,-2.0160588685e-15,1.9572e-01
88.783,1.2810653910e-03,8.419198e-04,1.5062008183e+00,1.5062000259e+00,-2.9587144270e-02,2.8778496527e-15,1.9910e-01
89.827,1.2812036013e-03,9.096181e-04,1.5062012108e+00,1.5062004182e+00,-2.8545294583e-02,2.3202785229e-15,2.0203e-01
90.872,1.2813200957e-03,9.683460e-04,1.5062015810e+00,1.5062007884e+00,-2.7390802183e-02,4.1466727663e-15,2.0377e-01
91.916,1.2814125130e-03,1.014999e-03,1.5062019363e+00,1.5062011436e+00,-2.6133711757e-02,-1.3287605059e-15,1.6526e-01
92.961,1.2814785206e-03,1.047543e-03,1.5062023452e+00,1.5062015525e+00,-2.4781854831e-02,-6.0905800575e-16,1.7064e-01
94.005,1.2815160742e-03,1.064841e-03,1.5062027794e+00,1.5062019867e+00,-2.3337401926e-02,3.9379975583e-16,1.7554e-01
95.050,1.2815237150e-03,1.066379e-03,1.5062031981e+00,1.5062024054e+00,-2.1808637769e-02,4.2141983999e-15,1.8009e-01
96.094,1.2815007543e-03,1.052145e-03,1.5062036467e+00,1.5062028540e+00,-2.0206317334e-02,-8.2317033903e-16,1.8438e-01
97.139,1.2814472475e-03,1.022996e-03,1.5062040759e+00,1.5062032833e+00,-1.8535074379e-02,-3.9612602080e-15,1.8847e-01
98.183,1.2813637986e-03,9.807571e-04,1.5062045552e+00,1.5062037625e+00,-1.6803337569e-02,2.7884827215e-15,1.9239e-01
99.228,1.2812513660e-03,9.283837e-04,1.5062050018e+00,1.5062042092e+00,-1.5018587760e-02,9.4266629587e-15,1.9616e-01
100.272,1.2811112480e-03,8.697523e-04,1.5062055077e+00,1.5062047152e+00,-1.3186094916e-02,6.8495691251e-15,1.9979e-01
101.317,1.2809453218e-03,8.097298e-04,1.5062060691e+00,1.5062052767e+00,-1.1307363352e-02,1.5103006704e-15,2.0135e-01
102.361,1.2807564640e-03,7.546393e-04,1.5062065965e+00,1.5062058042e+00,-9.4141350148e-03,4.0163982372e-16,2.0475e-01
103.406,1.2805489851e-03,7.109768e-04,1.5062072549e+00,1.5062064628e+00,-7.4722893170e-03,2.5024208891e-15,2.0765e-01
104.450,1.2803289136e-03,6.846956e-04,1.5062077461e+00,1.5062069541e+00,-5.5479114556e-03,2.3575749910e-16,2.1100e-01
105.495,1.2801039897e-03,6.790295e-04,1.5062082482e+00,1.5062074563e+00,-3.6029677962e-03,-1.5053615557e-15,2.1425e-01
106.539,1.2798833346e-03,6.926307e-04,1.5062088742e+00,1.5062080825e+00,-1.6564838230e-03,2.1738680839e-15,2.1738e-01
107.584,1.2796768270e-03,7.214501e-04,1.5062095998e+00,1.5062088082e+00,2.9918545566e-04,-7.0950312242e-16,2.2042e-01
108.628,1.2794942498e-03,7.598694e-04,1.5062100660e+00,1.5062092745e+00,2.2231294932e-03,-9.7808039013e-16,2.2336e-01
109.673,1.2793443476e-03,8.008826e-04,1.5062106261e+00,1.5062098347e+00,4.1411193554e-03,2.6265540931e-15,2.2620e-01
110.717,1.2792339360e-03,8.393624e-04,1.5062112262e+00,1.5062104349e+00,6.0277087386e-03,2.6821294767e-15,2.2895e-01
111.762,1.2791671796e-03,8.715052e-04,1.5062118034e+00,1.5062110121e+00,7.8887666386e-03,2.4646355359e-15,2.3161e-01
112.806,1.2791451712e-03,8.946555e-04,1.5062123560e+00,1.5062115648e+00,9.7174640617e-03,-3.3075345717e-15,2.3423e-01
113.851,1.2791658801e-03,9.073987e-04,1.5062129016e+00,1.5062121103e+00,1.1509769420e-02,-7.3188450291e-16,1.7475e-01
114.895,1.2792245164e-03,9.096692e-04,1.5062133716e+00,1.5062125803e+00,1.3253903075e-02,-1.1706975864e-15,1.7898e-01
115.940,1.2793142993e-03,9.021540e-04,1.5062138774e+00,1.5062130860e+00,1.4960533332e-02,9.9751655283e-16,1.8309e-01
116.984,1.2794274828e-03,8.864068e-04,1.5062144033e+00,1.5062136119e+00,1.6613718948e-02,-5.0070241984e-16,1.8707e-01
118.029,1.2795563829e-03,8.647949e-04,1.5062148743e+00,1.5062140828e+00,1.8217094134e-02,3.4719468373e-15,1.9092e-01
119.073,1.2796941416e-03,8.400318e-04,1.5062153445e+00,1.5062145529e+00,1.9764495504e-02,6.5648249676e-16,1.9465e-01
120.118,1.2798351250e-03,8.330137e-04,1.5062172003e+00,1.5062164086e+00,2.1439421285e-02,-4.4633721910e-15,1.9271e-01
121.162,1.2799750495e-03,8.163858e-04,1.5062178522e+00,1.5062170604e+00,2.2886802809e-02,-1.8445122418e-15,1.9137e-01
122.207,1.2801110081e-03,8.231276e-04,1.5062199400e+00,1.5062191481e+00,2.4453496256e-02,2.7230570682e-15,1.6482e-01
123.251,1.2802415105e-03,8.083524e-04,1.5062203710e+00,1.5062195790e+00,2.5701273875e-02,-2.5108487853e-15,1.6069e-01
124.296,1.2803664376e-03,8.212568e-04,1.5062217292e+00,1.5062209372e+00,2.6909874243e-02,-2.3009167333e-15,1.5958e-01
125.340,1.2804867665e-03,8.224070e-04,1.5062221525e+00,1.5062213604e+00,2.7984844756e-02,-3.0920537079e-15,1.6339e-01
126.385,1.2806039636e-03,8.340800e-04,1.5062224786e+00,1.5062216865e+00,2.8971729246e-02,1.6495804962e-16,1.6779e-01
127.429,1.2807191364e-03,8.539027e-04,1.5062227280e+00,1.5062219358e+00,2.9842184633e-02,-4.6700133763e-15,1.6724e-01
128.474,1.2808321747e-03,8.796403e-04,1.5062228633e+00,1.5062220710e+00,3.0609666880e-02,3.0613187960e-16,1.6504e-01
129.518,1.2809411462e-03,9.081053e-04,1.5062229632e+00,1.5062221709e+00,3.1269125771e-02,-1.1347205531e-15,7.3436e-02
130.563,1.2810421343e-03,9.361657e-04,1.5062231402e+00,1.5062223477e+00,3.1811609440e-02,-1.6142769006e-15,6.5315e-02
131.607,1.2811295662e-03,9.614159e-04,1.5062232239e+00,1.5062224314e+00,3.2237244513e-02,-2.0230329959e-15,6.4537e-02
132.652,1.2811969413e-03,9.809401e-04,1.5062233560e+00,1.5062225634e+00,3.2539212690e-02,-6.3736855679e-16,6.8304e-02
133.696,1.2812378281e-03,9.928854e-04,1.5062235330e+00,1.5062227404e+00,3.2720927694e-02,-3.7848676597e-15,7.6166e-02
134.741,1.2812469141e-03,9.958087e-04,1.5062236912e+00,1.5062228986e+00,3.2777124560e-02,-1.2826059718e-15,8.3764e-02
135.785,1.2812209365e-03,9.889149e-04,1.5062238751e+00,1.5062230825e+00,3.2701084494e-02,7.5281592112e-16,9.1105e-02
136.830,1.2811593317e-03,9.713965e-04,1.5062242320e+00,1.5062234395e+00,3.2506654597e-02,-1.4886600815e-15,9.8197e-02
137.874,1.2810645116e-03,9.444287e-04,1.5062246400e+00,1.5062238476e+00,3.2171881722e-02,-3.2892430749e-15,1.0505e-01
138.919,1.2809417371e-03,9.082448e-04,1.5062254176e+00,1.5062246252e+00,3.1748214544e-02,-1.8956988214e-15,1.1322e-01
139.963,1.2807985983e-03,8.653958e-04,1.5062261712e+00,1.5062253789e+00,3.1193647990e-02,1.5372042342e-15,1.2245e-01
141.008,1.2806441236e-03,8.179320e-04,1.5062270642e+00,1.5062262721e+00,3.0511529003e-02,-4.5967605150e-15,1.3069e-01
142.052,1.2804875940e-03,7.663103e-04,1.5062284222e+00,1.5062276301e+00,2.9745085501e-02,-6.8611841714e-16,1.3797e-01
143.097,1.2803372331e-03,7.146134e-04,1.5062298319e+00,1.5062290399e+00,2.8841088677e-02,-1.9717976384e-15,1.4449e-01
144.141,1.2801990409e-03,6.682810e-04,1.5062311308e+00,1.5062303389e+00,2.7792756222e-02,1.7178583580e-15,1.5040e-01
145.186,1.2800760635e-03,6.287251e-04,1.5062324035e+00,1.5062316117e+00,2.6629989271e-02,-2.1515581846e-15,1.5582e-01
146.230,1.2799683034e-03,5.965555e-04,1.5062341832e+00,1.5062333914e+00,2.5407074899e-02,-2.4600772083e-15,1.6087e-01
147.275,1.2798732878e-03,5.760554e-04,1.5062361872e+00,1.5062353955e+00,2.4019257261e-02,-1.8614606990e-15,1.6562e-01
148.319,1.2797870971e-03,5.735074e-04,1.5062375640e+00,1.5062367723e+00,2.2598754530e-02,-6.2063392744e-16,1.7010e-01
149.364,1.2797055348e-03,5.859674e-04,1.5062391910e+00,1.5062383994e+00,2.1072308552e-02,-3.0090426379e-15,1.7437e-01
150.408,1.2796251222e-03,6.134820e-04,1.5062404474e+00,1.5062396558e+00,1.9482389585e-02,-1.1796871509e-15,1.7843e-01
151.453,1.2795437066e-03,6.505437e-04,1.5062418788e+00,1.5062410873e+00,1.7788678960e-02,-2.6789895045e-15,1.8232e-01
152.497,1.2794606375e-03,6.972529e-04,1.5062430467e+00,1.5062422552e+00,1.6069973319e-02,-2.4437851998e-15,1.8604e-01
153.542,1.2793765865e-03,7.476803e-04,1.5062441627e+00,1.5062433713e+00,1.4297121952e-02,2.9769148674e-17,1.8961e-01
154.586,1.2792931546e-03,8.013314e-04,1.5062447007e+00,1.5062439093e+00,1.2459585839e-02,1.7300463790e-15,1.9303e-01
155.631,1.2792124272e-03,8.549808e-04,1.5062451218e+00,1.5062443305e+00,1.0598672403e-02,-3.0900068963e-15,1.9632e-01
156.675,1.2791366057e-03,9.062450e-04,1.5062456205e+00,1.5062448293e+00,8.6560634855e-03,3.4858508635e-15,1.9946e-01
157.720,1.2790677856e-03,9.548444e-04,1.5062457337e+00,1.5062449425e+00,6.7283240694e-03,4.6238612909e-16,2.0248e-01
158.764,1.2790078878e-03,9.975413e-04,1.5062462724e+00,1.5062454812e+00,4.7643437246e-03,2.4152936160e-15,1.9942e-01
159.809,1.2789587098e-03,1.034054e-03,1.5062463635e+00,1.5062455723e+00,2.8150693786e-03,6.8211478871e-15,1.9981e-01
160.853,1.2789220099e-03,1.062303e-03,1.5062465643e+00,1.5062457732e+00,8.5996698572e-04,1.3780254800e-15,1.9611e-01
161.898,1.2788995703e-03,1.081011e-03,1.5062471213e+00,1.5062463302e+00,-1.1337043507e-03,-1.0829771448e-15,1.8861e-01
162.942,1.2788931671e-03,1.090457e-03,1.5062473314e+00,1.5062465403e+00,-3.1090688034e-03,1.8468494268e-15,1.8895e-01
163.987,1.2789044393e-03,1.089568e-03,1.5062475833e+00,1.5062467921e+00,-5.0880213092e-03,-1.5848291094e-15,1.8480e-01
165.031,1.2789346584e-03,1.078358e-03,1.5062479280e+00,1.5062471368e+00,-7.0668988225e-03,-4.6908898763e-15,1.1175e-01
166.076,1.2789844634e-03,1.057532e-03,1.5062481875e+00,1.5062473963e+00,-9.0313280873e-03,8.8064366342e-16,7.2262e-02
167.120,1.2790536206e-03,1.027915e-03,1.5062484439e+00,1.5062476527e+00,-1.0971947084e-02,2.8459408408e-15,6.9905e-02
168.165,1.2791408906e-03,9.913365e-04,1.5062486426e+00,1.5062478514e+00,-1.2882738690e-02,-2.0016175008e-15,6.6909e-02
169.209,1.2792440679e-03,9.501275e-04,1.5062488184e+00,1.5062480270e+00,-1.4758826082e-02,1.6311542253e-15,6.3538e-02
170.254,1.2793601840e-03,9.073480e-04,1.5062489531e+00,1.5062481617e+00,-1.6595228537e-02,1.3151666317e-15,6.1360e-02
171.298,1.2794858468e-03,8.669630e-04,1.5062490808e+00,1.5062482894e+00,-1.8380271788e-02,-4.6966189837e-15,6.6168e-02
172.343,1.2796176536e-03,8.333188e-04,1.5062492274e+00,1.5062484358e+00,-2.0105505562e-02,6.7207099189e-15,7.3332e-02
173.387,1.2797526215e-03,8.109931e-04,1.5062493805e+00,1.5062485888e+00,-2.1768647685e-02,2.7288639226e-15,8.0302e-02
174.432,1.2798885962e-03,8.043034e-04,1.5062495716e+00,1.5062487798e+00,-2.3356136820e-02,1.4451153333e-15,8.7076e-02
175.476,1.2800246058e-03,8.164261e-04,1.5062498551e+00,1.5062490632e+00,-2.4856541683e-02,4.5885254596e-16,9.3654e-02
176.521,1.2801610865e-03,8.486403e-04,1.5062502263e+00,1.5062494344e+00,-2.6268265522e-02,-7.8020428217e-16,1.0004e-01
177.565,1.2802998695e-03,8.999897e-04,1.5062507223e+00,1.5062499303e+00,-2.7569619181e-02,1.2819745276e-15,1.0506e-01
178.610,1.2804438636e-03,9.679470e-04,1.5062513234e+00,1.5062505313e+00,-2.8758887138e-02,1.3619576323e-15,1.1131e-01
179.654,1.2805964824e-03,1.048786e-03,1.5062521836e+00,1.5062513914e+00,-2.9813761857e-02,3.2773907262e-15,1.1802e-01
180.699,1.2807609654e-03,1.138918e-03,1.5062531884e+00,1.5062523962e+00,-3.0756487320e-02,-1.2991672089e-16,1.2438e-01
181.743,1.2809397672e-03,1.234690e-03,1.5062543042e+00,1.5062535118e+00,-3.1568732768e-02,-3.5314748925e-15,1.3036e-01
182.788,1.2811341044e-03,1.332399e-03,1.5062555849e+00,1.5062547924e+00,-3.2240587156e-02,1.6966771710e-15,1.3644e-01
183.832,1.2813436379e-03,1.428355e-03,1.5062569581e+00,1.5062561655e+00,-3.2778387823e-02,6.9067839216e-16,1.4428e-01
184.877,1.2815661757e-03,1.519118e-03,1.5062586255e+00,1.5062578328e+00,-3.3201502627e-02,-7.3488142014e-16,1.5105e-01
185.921,1.2817972951e-03,1.601355e-03,1.5062604197e+00,1.5062596268e+00,-3.3486584454e-02,2.0884183338e-16,1.5690e-01
186.966,1.2820299103e-03,1.671241e-03,1.5062628437e+00,1.5062620507e+00,-3.3645920289e-02,7.1170689172e-15,1.6208e-01
188.010,1.2822539874e-03,1.726688e-03,1.5062645867e+00,1.5062637936e+00,-3.3636860783e-02,3.8616500065e-15,1.6960e-01
189.055,1.2824566831e-03,1.762196e-03,1.5062670825e+00,1.5062662892e+00,-3.3554212717e-02,8.3497985005e-16,1.7628e-01
190.099,1.2826231023e-03,1.776255e-03,1.5062686452e+00,1.5062678518e+00,-3.3253468743e-02,-7.3649139567e-17,1.8161e-01
191.144,1.2827376329e-03,1.765193e-03,1.5062702614e+00,1.5062694679e+00,-3.2849072750e-02,-2.1038310497e-15,1.8591e-01
192.188,1.2827856041e-03,1.725145e-03,1.5062719967e+00,1.5062712032e+00,-3.2314328122e-02,3.2559608768e-15,1.8929e-01
193.233,1.2827549213e-03,1.656959e-03,1.5062733931e+00,1.5062725996e+00,-3.1636614919e-02,3.8807809800e-15,1.9030e-01
194.277,1.2826374041e-03,1.559913e-03,1.5062746935e+00,1.5062739001e+00,-3.0874465095e-02,-7.2433094040e-16,1.9168e-01
195.322,1.2824297136e-03,1.438649e-03,1.5062754771e+00,1.5062746838e+00,-2.9971035292e-02,6.2063619918e-15,1.9372e-01
196.366,1.2821338616e-03,1.298648e-03,1.5062761782e+00,1.5062753851e+00,-2.8940966509e-02,4.8326301691e-15,1.9364e-01
197.411,1.2817573585e-03,1.151519e-03,1.5062769457e+00,1.5062761528e+00,-2.7772060521e-02,1.2887146084e-15,1.9496e-01
198.455,1.2813129803e-03,1.015207e-03,1.5062773431e+00,1.5062765505e+00,-2.6501889218e-02,4.2353910964e-15,1.9710e-01
199.500,1.2808181419e-03,9.143592e-04,1.5062777940e+00,1.5062770017e+00,-2.5144901164e-02,2.6385356937e-15,1.9915e-01
200.544,1.2802938316e-03,8.766094e-04,1.5062782012e+00,1.5062774092e+00,-2.3711973732e-02,3.1919780941e-15,2.0254e-01
201.589,1.2797631398e-03,9.150029e-04,1.5062785099e+00,1.5062777183e+00,-2.2208727830e-02,4.9771733040e-16,2.0147e-01
202.633,1.2792494606e-03,1.016963e-03,1.5062787780e+00,1.5062779867e+00,-2.0642512913e-02,1.6586823024e-15,2.0275e-01
203.678,1.2787747204e-03,1.155703e-03,1.5062792588e+00,1.5062784677e+00,-1.9028435882e-02,4.6871083677e-15,2.0616e-01
204.722,1.2783575834e-03,1.306131e-03,1.5062796287e+00,1.5062788379e+00,-1.7365201370e-02,9.3249384607e-15,2.0566e-01
205.767,1.2780121684e-03,1.450140e-03,1.5062799414e+00,1.5062791508e+00,-1.5666095039e-02,3.9288378588e-15,7.4619e-02
206.811,1.2777472818e-03,1.575777e-03,1.5062802166e+00,1.5062794262e+00,-1.3933151902e-02,3.5577576741e-16,7.2253e-02
207.856,1.2775662905e-03,1.675371e-03,1.5062804429e+00,1.5062796526e+00,-1.2172034489e-02,3.5487461143e-15,7.1606e-02
208.900,1.2774675533e-03,1.744644e-03,1.5062806877e+00,1.5062798974e+00,-1.0376689446e-02,4.3817826627e-15,7.2955e-02
209.945,1.2774453431e-03,1.781427e-03,1.5062808837e+00,1.5062800934e+00,-8.5599997013e-03,-1.0353581921e-15,7.8341e-02
210.989,1.2774910433e-03,1.785361e-03,1.5062810357e+00,1.5062802455e+00,-6.7268531628e-03,4.0362113769e-15,8.5495e-02
212.034,1.2775944407e-03,1.757475e-03,1.5062811694e+00,1.5062803791e+00,-4.8816148472e-03,1.1143927459e-15,9.2426e-02
213.078,1.2777449335e-03,1.699818e-03,1.5062813080e+00,1.5062805176e+00,-3.0220262646e-03,6.2978026426e-15,9.9133e-02
214.123,1.2779325247e-03,1.615313e-03,1.5062814106e+00,1.5062806201e+00,-1.1666619312e-03,-2.8751777253e-15,1.0562e-01
215.167,1.2781485428e-03,1.508161e-03,1.5062815762e+00,1.5062807855e+00,7.0151545854e-04,-4.3233043106e-15,1.1190e-01
216.212,1.2783860625e-03,1.383586e-03,1.5062817169e+00,1.5062809261e+00,2.5474816033e-03,-1.1961997077e-15,1.1797e-01
217.256,1.2786400770e-03,1.248592e-03,1.5062819401e+00,1.5062811492e+00,4.3828931850e-03,-3.5655917229e-15,1.2385e-01
218.301,1.2789074339e-03,1.112654e-03,1.5062822722e+00,1.5062814811e+00,6.2202960834e-03,6.7093638733e-16,1.2953e-01
219.345,1.2791865726e-03,9.890535e-04,1.5062825034e+00,1.5062817121e+00,8.0457957853e-03,2.2339689404e-15,1.3502e-01
220.390,1.2794771214e-03,8.953998e-04,1.5062829067e+00,1.5062821152e+00,9.8528038544e-03,5.5968009563e-16,1.4037e-01
221.434,1.2797793966e-03,8.511278e-04,1.5062835004e+00,1.5062827088e+00,1.1647680304e-02,1.0010463460e-15,1.4583e-01
222.479,1.2800938902e-03,8.687184e-04,1.5062841974e+00,1.5062834055e+00,1.3425367220e-02,1.5627096810e-15,1.5225e-01
223.523,1.2804207793e-03,9.456192e-04,1.5062848767e+00,1.5062840847e+00,1.5157045753e-02,1.7856778046e-15,1.5799e-01
224.568,1.2807593969e-03,1.063925e-03,1.5062858497e+00,1.5062850574e+00,1.6837479581e-02,-3.3397520200e-15,1.6322e-01
225.612,1.2811075498e-03,1.205653e-03,1.5062868532e+00,1.5062860607e+00,1.8477333954e-02,-1.9066251862e-15,1.6803e-01
226.657,1.2814606470e-03,1.352219e-03,1.5062882696e+00,1.5062874769e+00,2.0044392643e-02,1.0216681536e-15,1.7254e-01
227.701,1.2818108191e-03,1.492130e-03,1.5062898539e+00,1.5062890610e+00,2.1551228593e-02,-8.2621498469e-16,1.7677e-01
228.746,1.2821464845e-03,1.616191e-03,1.5062916506e+00,1.5062908575e+00,2.2984144346e-02,-3.4429133580e-15,1.8071e-01
229.790,1.2824527060e-03,1.716556e-03,1.5062935084e+00,1.5062927151e+00,2.4369298873e-02,-2.0475395725e-15,1.8437e-01
230.835,1.2827124449e-03,1.785433e-03,1.5062959561e+00,1.5062951626e+00,2.5639411984e-02,-5.6455258194e-15,1.8776e-01
231.879,1.2829083848e-03,1.822275e-03,1.5062975643e+00,1.5062967708e+00,2.6850379709e-02,2.2950013107e-15,1.8888e-01
232.924,1.2830247742e-03,1.822788e-03,1.5062982868e+00,1.5062974931e+00,2.7998623439e-02,-1.7258114111e-15,1.9260e-01
233.968,1.2830488229e-03,1.779470e-03,1.5062998859e+00,1.5062990923e+00,2.8999456655e-02,-5.6143786922e-15,1.9437e-01
235.013,1.2829715092e-03,1.693633e-03,1.5063011608e+00,1.5063003672e+00,2.9959109269e-02,-5.2015642423e-15,1.9787e-01
236.057,1.2827880170e-03,1.567832e-03,1.5063027214e+00,1.5063019279e+00,3.0765126975e-02,1.9099738436e-15,2.0123e-01
237.102,1.2824981187e-03,1.410143e-03,1.5063032381e+00,1.5063024448e+00,3.1507838680e-02,-8.9586696612e-15,2.0256e-01
238.146,1.2821066705e-03,1.227256e-03,1.5063036360e+00,1.5063028429e+00,3.2154903181e-02,2.9048005362e-15,2.0626e-01
239.191,1.2816241594e-03,1.036709e-03,1.5063042493e+00,1.5063034565e+00,3.2629982532e-02,-1.7958922408e-16,2.0970e-01
240.235,1.2810669929e-03,8.686160e-04,1.5063049042e+00,1.5063041117e+00,3.2975553475e-02,-5.5582629969e-16,2.1269e-01
241.280,1.2804572295e-03,7.733050e-04,1.5063050845e+00,1.5063042924e+00,3.3195018826e-02,-1.8782549009e-15,2.1304e-01
242.324,1.2798215075e-03,7.939437e-04,1.5063057174e+00,1.5063049258e+00,3.3227639997e-02,3.8274646269e-15,2.1328e-01
243.369,1.2791892018e-03,9.272177e-04,1.5063060032e+00,1.5063052119e+00,3.3145754335e-02,-4.0134693161e-15,2.1761e-01
244.413,1.2785900720e-03,1.123950e-03,1.5063066111e+00,1.5063058202e+00,3.2889539718e-02,-5.8815058180e-16,2.2172e-01
245.458,1.2780516972e-03,1.340932e-03,1.5063076386e+00,1.5063068480e+00,3.2573865177e-02,-4.1267451967e-15,2.2552e-01
246.502,1.2775971267e-03,1.552703e-03,1.5063079828e+00,1.5063071925e+00,3.2070687766e-02,-5.1421753622e-15,2.2573e-01
247.547,1.2772431248e-03,1.741013e-03,1.5063084759e+00,1.5063076858e+00,3.1452177352e-02,-3.0703991481e-16,2.2547e-01
248.591,1.2769992150e-03,1.895287e-03,1.5063089486e+00,1.5063081586e+00,3.0692897171e-02,9.2645793959e-16,2.2412e-01
249.636,1.2768675027e-03,2.009798e-03,1.5063096100e+00,1.5063088202e+00,2.9818091064e-02,-5.7792250540e-15,2.1827e-01
250.680,1.2768433420e-03,2.081837e-03,1.5063100625e+00,1.5063092727e+00,2.8785461981e-02,-5.7074501342e-15,2.2077e-01
251.725,1.2769165934e-03,2.110710e-03,1.5063105367e+00,1.5063097469e+00,2.7664044212e-02,-1.2879736451e-15,2.2093e-01
252.769,1.2770732520e-03,2.097713e-03,1.5063110514e+00,1.5063102614e+00,2.6421508200e-02,3.9556338452e-16,2.1248e-01
253.814,1.2772972203e-03,2.045690e-03,1.5063115969e+00,1.5063108068e+00,2.5081127798e-02,-7.3648560056e-16,1.7753e-01
254.858,1.2775720120e-03,1.959268e-03,1.5063119143e+00,1.5063111240e+00,2.3627709688e-02,-1.9372675435e-15,1.4720e-01
255.903,1.2778822459e-03,1.843488e-03,1.5063122076e+00,1.5063114172e+00,2.2089948255e-02,-5.2078893713e-15,1.5265e-01
256.947,1.2782147853e-03,1.704855e-03,1.5063124590e+00,1.5063116683e+00,2.0470832492e-02,1.3680574809e-15,1.5787e-01
257.992,1.2785593932e-03,1.551544e-03,1.5063127769e+00,1.5063119860e+00,1.8783031779e-02,-3.4911257637e-15,1.6287e-01
259.036,1.2789088635e-03,1.393758e-03,1.5063129612e+00,1.5063121700e+00,1.7013737136e-02,2.6252303971e-15,1.6766e-01
260.081,1.2792587348e-03,1.244823e-03,1.5063131431e+00,1.5063123518e+00,1.5197158108e-02,-6.4662875317e-16,1.7219e-01
261.125,1.2796068302e-03,1.122650e-03,1.5063134452e+00,1.5063126537e+00,1.3350319313e-02,4.2155440904e-16,1.6864e-01
262.170,1.2799528547e-03,1.049268e-03,1.5063139423e+00,1.5063131506e+00,1.1488079034e-02,2.7598894591e-15,1.2119e-01
263.214,1.2802980402e-03,1.044228e-03,1.5063144020e+00,1.5063136100e+00,9.5872737483e-03,6.1730771549e-15,1.2722e-01
264.259,1.2806446819e-03,1.112698e-03,1.5063148463e+00,1.5063140541e+00,7.6725779011e-03,4.3844360920e-17,1.3303e-01
265.303,1.2809954050e-03,1.242281e-03,1.5063153585e+00,1.5063145661e+00,5.7548323833e-03,-3.4562070864e-15,1.3865e-01
266.348,1.2813521962e-03,1.412782e-03,1.5063158340e+00,1.5063150413e+00,3.8138324538e-03,-4.3928635769e-15,1.4406e-01
267.392,1.2817154462e-03,1.605123e-03,1.5063161777e+00,1.5063153848e+00,1.8696665145e-03,1.8050293162e-15,1.4929e-01
268.437,1.2820832970e-03,1.808484e-03,1.5063176957e+00,1.5063169026e+00,1.0529609468e-04,-9.8125524043e-16,1.5433e-01
269.481,1.2824513430e-03,2.001659e-03,1.5063181868e+00,1.5063173935e+00,-1.8462084025e-03,-9.3791487566e-16,1.5915e-01
270.526,1.2828125990e-03,2.181066e-03,1.5063186431e+00,1.5063178496e+00,-3.7943544188e-03,-1.2286313898e-15,1.6352e-01
271.570,1.2831574845e-03,2.339065e-03,1.5063190110e+00,1.5063182172e+00,-5.7240960347e-03,-1.5644379948e-15,1.6662e-01
272.615,1.2834737571e-03,2.469189e-03,1.5063194362e+00,1.5063186422e+00,-7.6337156716e-03,7.6924570595e-15,1.6346e-01
273.659,1.2837465674e-03,2.565647e-03,1.5063198946e+00,1.5063191005e+00,-9.5133067056e-03,-1.0246285664e-15,1.6780e-01
274.704,1.2839589781e-03,2.623399e-03,1.5063206164e+00,1.5063198222e+00,-1.1368573028e-02,1.5210709638e-15,1.7180e-01
275.748,1.2840932081e-03,2.638324e-03,1.5063212418e+00,1.5063204475e+00,-1.3193101802e-02,6.4421874788e-15,1.7520e-01
276.793,1.2841325958e-03,2.607335e-03,1.5063218741e+00,1.5063210797e+00,-1.4966934578e-02,1.7683924633e-15,1.7768e-01
277.837,1.2840639148e-03,2.528697e-03,1.5063225734e+00,1.5063217791e+00,-1.6690118399e-02,-1.9148426866e-15,1.7829e-01
278.882,1.2838794565e-03,2.401291e-03,1.5063237151e+00,1.5063229209e+00,-1.8352175416e-02,2.2476320853e-15,1.7582e-01
279.926,1.2835783251e-03,2.225221e-03,1.5063259697e+00,1.5063251757e+00,-1.9971536868e-02,-5.0862719051e-16,1.7866e-01
280.971,1.2831667144e-03,2.009624e-03,1.5063274461e+00,1.5063266524e+00,-2.1462448685e-02,-1.1367183718e-15,1.8138e-01
282.015,1.2826572775e-03,1.758413e-03,1.5063296864e+00,1.5063288930e+00,-2.2860068940e-02,5.3971029161e-15,1.8353e-01
283.060,1.2820679136e-03,1.487756e-03,1.5063314494e+00,1.5063306563e+00,-2.4136295568e-02,-2.8080686770e-15,1.8498e-01
284.104,1.2814203343e-03,1.212702e-03,1.5063334768e+00,1.5063326841e+00,-2.5433927179e-02,5.7972378118e-15,1.8562e-01
285.149,1.2807386404e-03,9.714997e-04,1.5063348769e+00,1.5063340846e+00,-2.6590656389e-02,3.4424226365e-15,1.8535e-01
286.193,1.2800479750e-03,8.113052e-04,1.5063374542e+00,1.5063366624e+00,-2.7655621361e-02,1.2723166849e-15,1.8400e-01
287.238,1.2793732826e-03,8.081116e-04,1.5063391193e+00,1.5063383279e+00,-2.8578362440e-02,4.0728983136e-15,1.8169e-01
288.282,1.2787380943e-03,9.509130e-04,1.5063406188e+00,1.5063398278e+00,-2.9451991720e-02,2.7326136697e-15,1.7886e-01
289.327,1.2781633902e-03,1.172477e-03,1.5063420054e+00,1.5063412148e+00,-3.0180598163e-02,2.1557213122e-15,1.7749e-01
290.371,1.2776664914e-03,1.414343e-03,1.5063438087e+00,1.5063430183e+00,-3.0874496890e-02,6.1706837900e-16,1.8156e-01
291.416,1.2772601452e-03,1.650666e-03,1.5063448462e+00,1.5063440561e+00,-3.1385956042e-02,2.3679982008e-15,1.8539e-01
292.460,1.2769519923e-03,1.863003e-03,1.5063459055e+00,1.5063451156e+00,-3.1767796245e-02,3.0941285003e-15,1.8899e-01
293.505,1.2767443706e-03,2.043972e-03,1.5063465066e+00,1.5063457168e+00,-3.2017111159e-02,3.7423881578e-15,1.9238e-01
294.549,1.2766344788e-03,2.187566e-03,1.5063472898e+00,1.5063465001e+00,-3.2110283461e-02,5.9167614071e-17,1.9552e-01
295.594,1.2766150499e-03,2.292566e-03,1.5063478561e+00,1.5063470664e+00,-3.2067656190e-02,3.8850015861e-15,1.9842e-01
296.638,1.2766752742e-03,2.358541e-03,1.5063483308e+00,1.5063475410e+00,-3.1902640390e-02,4.6726179399e-15,2.0108e-01
297.683,1.2768019403e-03,2.386586e-03,1.5063486992e+00,1.5063479094e+00,-3.1617492800e-02,3.8852804193e-15,2.0349e-01
298.727,1.2769806698e-03,2.387979e-03,1.5063503600e+00,1.5063495701e+00,-3.1008940842e-02,4.2016955427e-15,2.0565e-01
299.772,1.2771971273e-03,2.346211e-03,1.5063508432e+00,1.5063500531e+00,-3.0404420258e-02,3.0840944625e-15,2.0716e-01
300.816,1.2774380905e-03,2.278889e-03,1.5063524005e+00,1.5063516103e+00,-2.9514770718e-02,2.8464291297e-15,1.9838e-01
301.861,1.2776922440e-03,2.179130e-03,1.5063529603e+00,1.5063521699e+00,-2.8647719728e-02,3.9533412919e-15,1.9991e-01
302.905,1.2779506334e-03,2.066513e-03,1.5063544193e+00,1.5063536288e+00,-2.7619620107e-02,5.1011719880e-15,1.8485e-01
303.950,1.2782068056e-03,1.939371e-03,1.5063567971e+00,1.5063560064e+00,-2.6379551396e-02,-2.1226841331e-16,7.1499e-02
304.994,1.2784567088e-03,1.793271e-03,1.5063579474e+00,1.5063571566e+00,-2.5167499116e-02,-1.8571573160e-16,7.0914e-02
306.039,1.2786984462e-03,1.628414e-03,1.5063584963e+00,1.5063577053e+00,-2.3840781438e-02,-2.7926718302e-15,7.0876e-02
307.083,1.2789319527e-03,1.462345e-03,1.5063591158e+00,1.5063583247e+00,-2.2426360747e-02,6.8811650147e-15,6.2279e-02
308.128,1.2791586716e-03,1.306763e-03,1.5063592263e+00,1.5063584350e+00,-2.0948766624e-02,-2.5125203802e-15,5.8718e-02
309.172,1.2793811873e-03,1.172980e-03,1.5063592934e+00,1.5063585020e+00,-1.9394729966e-02,3.1923312495e-15,5.4397e-02
310.217,1.2796028050e-03,1.079622e-03,1.5063593080e+00,1.5063585165e+00,-1.7764731658e-02,-4.4752784785e-15,6.1468e-02
311.261,1.2798270711e-03,1.040976e-03,1.5063594326e+00,1.5063586409e+00,-1.6080702787e-02,-2.4848247070e-15,6.9085e-02
312.306,1.2800573044e-03,1.064897e-03,1.5063596867e+00,1.5063588948e+00,-1.4341167478e-02,-2.6510167505e-16,7.6358e-02
313.350,1.2802962443e-03,1.145727e-03,1.5063600339e+00,1.5063592419e+00,-1.2558069797e-02,-8.6019720337e-15,8.3299e-02
314.395,1.2805458818e-03,1.269189e-03,1.5063606187e+00,1.5063598265e+00,-1.0738402323e-02,-4.0080493003e-16,8.9925e-02
315.439,1.2808074408e-03,1.419783e-03,1.5063614975e+00,1.5063607052e+00,-8.8957721438e-03,1.8594452741e-15,9.6255e-02
316.484,1.2810813704e-03,1.584267e-03,1.5063626242e+00,1.5063618317e+00,-7.0597474900e-03,-2.3717215048e-15,1.0294e-01
317.528,1.2813672368e-03,1.752508e-03,1.5063637137e+00,1.5063629210e+00,-5.2168760620e-03,-2.0846386903e-15,1.0967e-01
318.573,1.2816634940e-03,1.916364e-03,1.5063651542e+00,1.5063643614e+00,-3.3817678069e-03,1.2047064797e-15,1.1618e-01
319.617,1.2819671892e-03,2.065781e-03,1.5063673108e+00,1.5063665178e+00,-1.4780316845e-03,-4.7234326997e-16,1.2248e-01
320.662,1.2822736342e-03,2.199335e-03,1.5063698619e+00,1.5063690687e+00,4.2268972668e-04,1.4115238068e-15,1.2857e-01
321.706,1.2825760467e-03,2.310898e-03,1.5063729631e+00,1.5063721697e+00,2.3194103501e-03,-3.6324153856e-15,1.3332e-01
322.751,1.2828652567e-03,2.395556e-03,1.5063768381e+00,1.5063760445e+00,4.1482824416e-03,-3.3203147586e-15,1.3796e-01
323.795,1.2831297053e-03,2.450064e-03,1.5063816070e+00,1.5063808133e+00,5.9479804761e-03,-4.5142216893e-15,1.4248e-01
324.840,1.2833559084e-03,2.472995e-03,1.5063852845e+00,1.5063844907e+00,7.7603709270e-03,-2.6434510952e-15,1.5029e-01
325.884,1.2835293048e-03,2.462663e-03,1.5063892742e+00,1.5063884802e+00,9.5508457364e-03,-2.8079505936e-15,1.5731e-01
326.929,1.2836351893e-03,2.411839e-03,1.5063940379e+00,1.5063932439e+00,1.1257029474e-02,1.4404673731e-15,1.6342e-01
327.973,1.2836594923e-03,2.324720e-03,1.5063971927e+00,1.5063963986e+00,1.2902438825e-02,-3.3477427532e-15,1.6883e-01
329.018,1.2835894511e-03,2.199953e-03,1.5064000121e+00,1.5063992181e+00,1.4479681978e-02,-9.9477514296e-16,1.7374e-01
330.062,1.2834144577e-03,2.035378e-03,1.5064037775e+00,1.5064029836e+00,1.6016007060e-02,-1.5632526459e-15,1.7824e-01
331.107,1.2831273352e-03,1.844048e-03,1.5064064457e+00,1.5064056520e+00,1.7553511287e-02,1.5396313378e-15,1.8243e-01
332.151,1.2827259961e-03,1.636421e-03,1.5064085753e+00,1.5064077819e+00,1.8970590416e-02,2.2867295839e-15,1.8635e-01
333.196,1.2822151043e-03,1.428837e-03,1.5064111124e+00,1.5064103193e+00,2.0347406387e-02,1.0056612839e-15,1.9006e-01
334.240,1.2816071943e-03,1.257229e-03,1.5064129181e+00,1.5064121253e+00,2.1711318267e-02,4.5706110251e-16,1.9358e-01
335.285,1.2809228236e-03,1.164699e-03,1.5064145908e+00,1.5064137985e+00,2.2951143076e-02,1.3816739881e-17,1.9694e-01
336.329,1.2801895749e-03,1.187743e-03,1.5064161235e+00,1.5064153316e+00,2.4157666600e-02,-4.1135619902e-15,2.0016e-01
337.374,1.2794400199e-03,1.327432e-03,1.5064169783e+00,1.5064161868e+00,2.5279312944e-02,2.2209209830e-15,2.0453e-01
338.418,1.2787089519e-03,1.544784e-03,1.5064179819e+00,1.5064171909e+00,2.6307484118e-02,-4.1719196007e-15,2.0897e-01
339.463,1.2780302870e-03,1.796273e-03,1.5064192739e+00,1.5064184833e+00,2.7298981077e-02,-3.8062945769e-15,2.1324e-01
340.507,1.2774341277e-03,2.050320e-03,1.5064202576e+00,1.5064194674e+00,2.8238952502e-02,-1.9680397431e-15,2.1570e-01
341.552,1.2769442887e-03,2.285071e-03,1.5064211976e+00,1.5064204077e+00,2.9092437360e-02,-3.3029264751e-15,2.1785e-01
342.596,1.2765766126e-03,2.485685e-03,1.5064220320e+00,1.5064212423e+00,2.9875546734e-02,-3.0351660300e-15,2.1995e-01
343.641,1.2763382396e-03,2.643066e-03,1.5064228421e+00,1.5064220525e+00,3.0559736527e-02,5.3435672329e-15,2.1450e-01
344.685,1.2762278120e-03,2.751838e-03,1.5064235411e+00,1.5064227517e+00,3.1123434709e-02,2.0496460622e-15,1.6784e-01
345.730,1.2762366352e-03,2.809628e-03,1.5064245879e+00,1.5064237985e+00,3.1551188899e-02,-5.1180828333e-16,9.3787e-02
346.774,1.2763503530e-03,2.835149e-03,1.5064279125e+00,1.5064271230e+00,3.1656016881e-02,-2.6280366510e-15,8.6251e-02
347.819,1.2765508647e-03,2.822972e-03,1.5064308728e+00,1.5064300831e+00,3.1773488910e-02,1.3044531432e-15,8.2924e-02
348.863,1.2768183708e-03,2.748500e-03,1.5064324224e+00,1.5064316326e+00,3.1805046582e-02,-5.0312620670e-15,7.5946e-02
349.908,1.2771333164e-03,2.646002e-03,1.5064345812e+00,1.5064337912e+00,3.1600339122e-02,-1.9067673506e-15,7.4990e-02
350.952,1.2774781047e-03,2.492188e-03,1.5064350646e+00,1.5064342744e+00,3.1317052959e-02,1.9298197372e-15,7.0727e-02
351.997,1.2778385680e-03,2.317120e-03,1.5064354128e+00,1.5064346224e+00,3.0908225836e-02,-4.1180544627e-15,7.1897e-02
353.041,1.2782050600e-03,2.130056e-03,1.5064358400e+00,1.5064350493e+00,3.0345283007e-02,2.7172647051e-15,7.8468e-02
354.086,1.2785730408e-03,1.946960e-03,1.5064356611e+00,1.5064348702e+00,2.9689610812e-02,2.3416100422e-15,8.4758e-02
355.130,1.2789430445e-03,1.787067e-03,1.5064356225e+00,1.5064348313e+00,2.8881366457e-02,3.9295240785e-15,9.0780e-02
356.175,1.2793200267e-03,1.675655e-03,1.5064357569e+00,1.5064349655e+00,2.7940994489e-02,-3.4621716743e-17,9.6548e-02
357.219,1.2797121890e-03,1.637994e-03,1.5064362159e+00,1.5064354242e+00,2.6879037146e-02,3.3218646066e-15,1.0207e-01
358.264,1.2801295436e-03,1.689993e-03,1.5064369288e+00,1.5064361370e+00,2.5699599856e-02,7.2061305672e-15,1.0734e-01
359.308,1.2805823080e-03,1.829274e-03,1.5064382032e+00,1.5064374110e+00,2.4414779191e-02,8.7478626029e-16,1.1261e-01
360.353,1.2810790629e-03,2.038072e-03,1.5064399916e+00,1.5064391992e+00,2.3050762880e-02,-3.2134899742e-15,1.1820e-01
361.397,1.2816246659e-03,2.293383e-03,1.5064418557e+00,1.5064410629e+00,2.1574222790e-02,-2.1337699450e-15,1.2361e-01
362.442,1.2822181443e-03,2.573002e-03,1.5064437751e+00,1.5064429820e+00,2.0024632982e-02,1.9802369548e-15,1.2883e-01
363.486,1.2828510418e-03,2.856024e-03,1.5064462171e+00,1.5064454236e+00,1.8449293613e-02,-2.7141345071e-15,1.3388e-01
364.531,1.2835067031e-03,3.123543e-03,1.5064503082e+00,1.5064495142e+00,1.6872807898e-02,1.2124168488e-15,1.3874e-01
365.575,1.2841606910e-03,3.365293e-03,1.5064544874e+00,1.5064536930e+00,1.5146492815e-02,-6.5304006756e-16,1.4157e-01
366.620,1.2847822613e-03,3.565220e-03,1.5064594451e+00,1.5064586504e+00,1.3423669907e-02,-7.8000928096e-16,1.4666e-01
367.664,1.2853366856e-03,3.715420e-03,1.5064651971e+00,1.5064644020e+00,1.1844210627e-02,1.5883631103e-15,1.5159e-01
368.709,1.2857880160e-03,3.804365e-03,1.5064702920e+00,1.5064694966e+00,9.9831049647e-03,-1.8978791715e-15,1.5638e-01
369.753,1.2861018487e-03,3.815029e-03,1.5064771999e+00,1.5064764044e+00,8.2815305263e-03,-1.9968167080e-16,1.5486e-01
370.798,1.2862477064e-03,3.754322e-03,1.5064814989e+00,1.5064807032e+00,6.3225477748e-03,-3.0482294136e-15,1.5972e-01
371.842,1.2862009109e-03,3.603383e-03,1.5064863981e+00,1.5064856025e+00,4.4864222176e-03,-4.5808431221e-15,1.6439e-01
372.887,1.2859441392e-03,3.364678e-03,1.5064917886e+00,1.5064909931e+00,2.5254293533e-03,-5.1961185316e-15,1.6888e-01
373.931,1.2854689414e-03,3.040758e-03,1.5064952275e+00,1.5064944324e+00,7.9521364261e-04,8.1298055174e-15,1.7349e-01
374.976,1.2847773705e-03,2.645148e-03,1.5064977701e+00,1.5064969754e+00,-1.0763437113e-03,-3.9895283894e-15,1.7972e-01
376.020,1.2838834814e-03,2.192169e-03,1.5065000339e+00,1.5064992397e+00,-2.8708907493e-03,-3.8233716828e-15,1.8497e-01
377.065,1.2828141492e-03,1.718840e-03,1.5065022053e+00,1.5065014118e+00,-4.6202697051e-03,-2.0085608747e-16,1.8955e-01
378.109,1.2816085926e-03,1.303212e-03,1.5065054750e+00,1.5065046822e+00,-6.3899737578e-03,1.5976091389e-15,1.9366e-01
379.154,1.2803162826e-03,1.134379e-03,1.5065060522e+00,1.5065052602e+00,-7.9788670658e-03,7.2109406720e-16,1.9745e-01
380.198,1.2789932400e-03,1.335091e-03,1.5065078673e+00,1.5065070761e+00,-9.5892257089e-03,2.0400446256e-15,2.0098e-01
381.243,1.2776976950e-03,1.788683e-03,1.5065086546e+00,1.5065078643e+00,-1.1093496532e-02,-3.3671932594e-15,2.0108e-01
382.287,1.2764853622e-03,2.327312e-03,1.5065095700e+00,1.5065087804e+00,-1.2576836389e-02,-7.1401446536e-15,2.0444e-01
383.332,1.2754048694e-03,2.866651e-03,1.5065107494e+00,1.5065099605e+00,-1.3883365999e-02,-5.8044587369e-15,2.0778e-01
384.376,1.2744950139e-03,3.365665e-03,1.5065119279e+00,1.5065111395e+00,-1.5225067371e-02,2.1613102492e-15,2.0937e-01
385.421,1.2737824551e-03,3.802538e-03,1.5065124305e+00,1.5065116426e+00,-1.6512657276e-02,-7.0954856345e-15,2.1078e-01
386.465,1.2732807645e-03,4.161094e-03,1.5065126332e+00,1.5065118456e+00,-1.7741986314e-02,1.1181266326e-15,2.1213e-01
387.510,1.2729911240e-03,4.432476e-03,1.5065129537e+00,1.5065121662e+00,-1.8929183587e-02,-8.4330439866e-15,2.1159e-01
388.554,1.2729039906e-03,4.612593e-03,1.5065134131e+00,1.5065126257e+00,-2.0076481072e-02,-3.8285785103e-15,2.0588e-01
389.599,1.2730011477e-03,4.701355e-03,1.5065140055e+00,1.5065132180e+00,-2.1187842314e-02,-1.2261256799e-14,8.9653e-02
390.643,1.2732581342e-03,4.701355e-03,1.5065147360e+00,1.5065139484e+00,-2.2249313973e-02,-6.3450152114e-15,9.1582e-02
391.688,1.2736468106e-03,4.617140e-03,1.5065154780e+00,1.5065146902e+00,-2.3247080004e-02,-5.2729188856e-15,9.2630e-02
392.732,1.2741377707e-03,4.455236e-03,1.5065162909e+00,1.5065155027e+00,-2.4188650448e-02,-6.6611968161e-15,9.1409e-02
393.777,1.2747024979e-03,4.223594e-03,1.5065172115e+00,1.5065164229e+00,-2.5078820080e-02,-1.3333188198e-15,8.6066e-02
394.821,1.2753151869e-03,3.931636e-03,1.5065182692e+00,1.5065174803e+00,-2.5913574347e-02,-6.6901046181e-15,8.0571e-02
395.866,1.2759541295e-03,3.590328e-03,1.5065192006e+00,1.5065184114e+00,-2.6680408437e-02,-5.0847923138e-15,7.4758e-02
396.910,1.2766027311e-03,3.221440e-03,1.5065208234e+00,1.5065200337e+00,-2.7430340383e-02,-3.2957778603e-15,8.2602e-02
397.955,1.2772501485e-03,2.823856e-03,1.5065219029e+00,1.5065211128e+00,-2.8058764068e-02,-9.7259415060e-16,9.2084e-02
398.999,1.2778914876e-03,2.432267e-03,1.5065224513e+00,1.5065216608e+00,-2.8556063833e-02,-4.9374190924e-15,1.0085e-01
400.044,1.2785275080e-03,2.084128e-03,1.5065230078e+00,1.5065222170e+00,-2.8954414416e-02,1.1474827933e-15,1.0889e-01
401.088,1.2791637986e-03,1.837432e-03,1.5065235670e+00,1.5065227757e+00,-2.9258218614e-02,-2.6078675247e-15,1.1622e-01
402.133,1.2798095936e-03,1.762109e-03,1.5065241732e+00,1.5065233815e+00,-2.9449885178e-02,5.7526343978e-15,1.2297e-01
403.177,1.2804764130e-03,1.893200e-03,1.5065247631e+00,1.5065239710e+00,-2.9534608751e-02,-4.0051174376e-15,1.2925e-01
404.222,1.2811765964e-03,2.198106e-03,1.5065252974e+00,1.5065245048e+00,-2.9500965200e-02,-4.4350227268e-15,1.3516e-01
405.266,1.2819216146e-03,2.612412e-03,1.5065259732e+00,1.5065251802e+00,-2.9356247696e-02,4.1826783754e-15,1.4076e-01
406.311,1.2827199850e-03,3.081866e-03,1.5065266166e+00,1.5065258232e+00,-2.9090500332e-02,2.0579001428e-15,1.4610e-01
407.355,1.2835746404e-03,3.569599e-03,1.5065274096e+00,1.5065266156e+00,-2.8699568542e-02,-1.7118205669e-15,1.5120e-01
408.400,1.2844799588e-03,4.049553e-03,1.5065288202e+00,1.5065280256e+00,-2.8210087798e-02,-4.9926206647e-16,1.5609e-01
409.444,1.2854191169e-03,4.502075e-03,1.5065308991e+00,1.5065301039e+00,-2.7601227088e-02,8.7006597532e-16,1.6077e-01
410.489,1.2863627109e-03,4.909988e-03,1.5065325121e+00,1.5065317164e+00,-2.6860351334e-02,3.4772178528e-15,1.6526e-01
411.533,1.2872692694e-03,5.256587e-03,1.5065345610e+00,1.5065337648e+00,-2.5971576589e-02,1.2832216007e-14,1.6956e-01
412.578,1.2880877815e-03,5.525815e-03,1.5065364370e+00,1.5065356402e+00,-2.4994258451e-02,3.1783482246e-15,1.7370e-01
413.622,1.2887621654e-03,5.699829e-03,1.5065395052e+00,1.5065387080e+00,-2.3983212595e-02,8.5770914388e-15,1.7768e-01
414.667,1.2892373150e-03,5.767546e-03,1.5065435758e+00,1.5065427783e+00,-2.2912116887e-02,1.6892150290e-15,1.8151e-01
415.711,1.2894657839e-03,5.711722e-03,1.5065500244e+00,1.5065492267e+00,-2.1800744644e-02,1.2119115962e-15,1.8520e-01
416.756,1.2894136199e-03,5.545133e-03,1.5065533508e+00,1.5065525532e+00,-2.0469908121e-02,3.0426936030e-15,1.8877e-01
417.800,1.2890640039e-03,5.251441e-03,1.5065574139e+00,1.5065566165e+00,-1.9096029111e-02,7.6492210416e-15,1.9222e-01
418.845,1.2884181379e-03,4.837366e-03,1.5065618778e+00,1.5065610808e+00,-1.7587612304e-02,1.5924423805e-15,1.9558e-01
419.889,1.2874938782e-03,4.317553e-03,1.5065653846e+00,1.5065645882e+00,-1.6070171559e-02,5.2025997249e-15,1.9886e-01
420.934,1.2863231799e-03,3.701775e-03,1.5065708385e+00,1.5065700428e+00,-1.4597905967e-02,1.6208532729e-15,2.0202e-01
421.978,1.2849491792e-03,3.031004e-03,1.5065728044e+00,1.5065720095e+00,-1.2820777704e-02,8.7587251421e-15,2.0506e-01
423.023,1.2834234969e-03,2.341029e-03,1.5065771895e+00,1.5065763956e+00,-1.1045005940e-02,1.3170919208e-15,2.0798e-01
424.067,1.2818035923e-03,1.744482e-03,1.5065798443e+00,1.5065790514e+00,-9.3243503409e-03,2.0927061624e-15,2.1081e-01
425.112,1.2801501751e-03,1.442334e-03,1.5065825290e+00,1.5065817371e+00,-7.4781717251e-03,-9.3168219402e-15,2.1345e-01
426.156,1.2785245634e-03,1.628365e-03,1.5065865004e+00,1.5065857095e+00,-5.6697940298e-03,7.8090071838e-15,2.1582e-01
427.201,1.2769856065e-03,2.164807e-03,1.5065882003e+00,1.5065874104e+00,-3.8519738218e-03,4.8551055589e-16,2.1783e-01
428.245,1.2755865598e-03,2.811509e-03,1.5065899149e+00,1.5065891258e+00,-2.0412266901e-03,-1.5711696346e-15,2.1926e-01
429.290,1.2743722494e-03,3.452109e-03,1.5065917036e+00,1.5065909152e+00,-1.8881119793e-04,1.5797475255e-16,2.1961e-01
430.334,1.2733764672e-03,4.037951e-03,1.5065924033e+00,1.5065916156e+00,1.6313926701e-03,3.8394562568e-16,2.1849e-01
431.379,1.2726204255e-03,4.539629e-03,1.5065934886e+00,1.5065927014e+00,3.4575854378e-03,-2.6516300990e-15,2.1671e-01
432.423,1.2721124038e-03,4.942769e-03,1.5065942736e+00,1.5065934867e+00,5.1696158625e-03,-7.0186132714e-16,2.1961e-01
433.468,1.2718480943e-03,5.239391e-03,1.5065959938e+00,1.5065952070e+00,6.9025527246e-03,-1.2897087438e-15,2.2014e-01
434.512,1.2718119323e-03,5.429027e-03,1.5065974210e+00,1.5065966342e+00,8.5014732336e-03,5.4700607841e-15,2.0286e-01
435.557,1.2719793711e-03,5.513506e-03,1.5065989599e+00,1.5065981731e+00,1.0055933893e-02,-3.9112578866e-15,1.9373e-01
436.601,1.2723195094e-03,5.497935e-03,1.5066005309e+00,1.5065997438e+00,1.1553510151e-02,2.1254950510e-15,1.7737e-01
437.646,1.2727978562e-03,5.389996e-03,1.5066022891e+00,1.5066015018e+00,1.3023179384e-02,-2.2459428555e-15,1.7143e-01
438.690,1.2733790762e-03,5.204846e-03,1.5066049425e+00,1.5066041548e+00,1.4445131014e-02,-2.4899342097e-15,1.7022e-01
439.735,1.2740294871e-03,4.946771e-03,1.5066080289e+00,1.5066072408e+00,1.5801428375e-02,-8.0480033231e-15,8.5334e-02
440.779,1.2747191406e-03,4.641440e-03,1.5066127874e+00,1.5066119988e+00,1.7019466907e-02,5.8490339088e-16,8.4098e-02
441.824,1.2754232978e-03,4.264686e-03,1.5066152264e+00,1.5066144374e+00,1.8365192691e-02,2.0785713909e-15,8.6055e-02
442.868,1.2761233216e-03,3.852259e-03,1.5066165356e+00,1.5066157462e+00,1.9689890887e-02,1.0623403852e-16,8.6091e-02
443.913,1.2768071347e-03,3.417794e-03,1.5066183040e+00,1.5066175142e+00,2.0978970758e-02,6.7481858804e-15,8.3465e-02
444.957,1.2774692296e-03,2.987564e-03,1.5066190620e+00,1.5066182717e+00,2.2225617896e-02,4.0776063139e-15,7.9340e-02
446.002,1.2781104381e-03,2.593163e-03,1.5066199011e+00,1.5066191104e+00,2.3450538410e-02,1.5509221989e-15,6.6656e-02
447.046,1.2787374768e-03,2.285465e-03,1.5066203971e+00,1.5066196061e+00,2.4572622527e-02,5.9576197982e-15,6.8432e-02
448.091,1.2793622652e-03,2.126315e-03,1.5066207771e+00,1.5066199857e+00,2.5624837496e-02,8.2744321213e-15,7.2779e-02
449.135,1.2800009125e-03,2.164967e-03,1.5066210760e+00,1.5066202842e+00,2.6595519991e-02,1.2426983577e-14,7.9169e-02
450.180,1.2806722194e-03,2.397128e-03,1.5066214907e+00,1.5066206985e+00,2.7493490445e-02,7.6545404450e-15,8.5239e-02
451.224,1.2813955349e-03,2.771715e-03,1.5066219551e+00,1.5066211624e+00,2.8278102427e-02,9.4694600780e-15,9.1001e-02
452.269,1.2821876992e-03,3.229941e-03,1.5066227773e+00,1.5066219842e+00,2.8956704797e-02,9.3888789283e-15,9.6497e-02
453.313,1.2830591580e-03,3.725814e-03,1.5066251211e+00,1.5066243274e+00,2.9453527890e-02,3.1478825717e-15,1.0174e-01
454.358,1.2840098196e-03,4.229099e-03,1.5066273122e+00,1.5066265179e+00,2.9896458334e-02,7.4065886136e-15,1.0678e-01
455.402,1.2850256265e-03,4.715944e-03,1.5066300157e+00,1.5066292208e+00,3.0207913150e-02,1.0994483336e-14,1.1168e-01
456.447,1.2860767366e-03,5.166166e-03,1.5066327471e+00,1.5066319515e+00,3.0405089649e-02,1.1784312064e-15,1.1646e-01
457.491,1.2871179634e-03,5.561204e-03,1.5066357656e+00,1.5066349694e+00,3.0483469861e-02,1.9694593827e-15,1.2114e-01
458.536,1.2880915284e-03,5.880913e-03,1.5066391056e+00,1.5066383089e+00,3.0363998239e-02,5.4356646715e-15,1.2571e-01
459.580,1.2889318221e-03,6.099983e-03,1.5066455222e+00,1.5066447248e+00,3.0001519791e-02,-2.6346626887e-16,1.3071e-01
460.625,1.2895719332e-03,6.209140e-03,1.5066523500e+00,1.5066515523e+00,2.9517736964e-02,5.4299741981e-15,1.3590e-01
461.669,1.2899510659e-03,6.183228e-03,1.5066634619e+00,1.5066626640e+00,2.8646407435e-02,1.8538414753e-15,1.4094e-01
462.714,1.2900213024e-03,6.034541e-03,1.5066705954e+00,1.5066697974e+00,2.7902752886e-02,4.8237636772e-15,1.4583e-01
463.758,1.2897523386e-03,5.730638e-03,1.5066813121e+00,1.5066805142e+00,2.7114643423e-02,-1.2108626789e-15,1.5322e-01
464.803,1.2891340976e-03,5.302631e-03,1.5066872111e+00,1.5066864136e+00,2.6303434835e-02,5.6570876949e-15,1.5979e-01
465.847,1.2881774678e-03,4.738055e-03,1.5066971155e+00,1.5066963186e+00,2.5246631788e-02,-6.6232423543e-16,1.6543e-01
466.892,1.2869134001e-03,4.062023e-03,1.5067037933e+00,1.5067029972e+00,2.4073874948e-02,-3.2450759769e-15,1.7047e-01
467.936,1.2853905948e-03,3.310002e-03,1.5067105384e+00,1.5067097433e+00,2.2877489142e-02,-1.6382285700e-16,1.7517e-01
468.981,1.2836720148e-03,2.539087e-03,1.5067166346e+00,1.5067158405e+00,2.1426416621e-02,-4.4538017877e-16,1.8006e-01
470.025,1.2818303293e-03,1.867664e-03,1.5067231764e+00,1.5067223834e+00,1.9832730322e-02,2.3493983884e-15,1.8575e-01
471.070,1.2799427700e-03,1.580199e-03,1.5067284899e+00,1.5067276982e+00,1.8258548512e-02,3.1012173126e-15,1.9046e-01
472.114,1.2780857259e-03,1.896127e-03,1.5067331036e+00,1.5067323130e+00,1.6534030240e-02,-4.0905891594e-15,1.9444e-01
473.159,1.2763302442e-03,2.582698e-03,1.5067376171e+00,1.5067368276e+00,1.4731834047e-02,-8.8737613605e-15,1.9795e-01
474.203,1.2747375589e-03,3.378520e-03,1.5067410800e+00,1.5067402915e+00,1.2930968480e-02,-1.3170328115e-14,2.0115e-01
475.248,1.2733563988e-03,4.164101e-03,1.5067432136e+00,1.5067424260e+00,1.1116096423e-02,-2.9657538833e-15,2.0415e-01
476.292,1.2722218735e-03,4.883509e-03,1.5067454273e+00,1.5067446403e+00,9.2822309517e-03,-2.7449407242e-15,2.0710e-01
477.337,1.2713543318e-03,5.508338e-03,1.5067472459e+00,1.5067464595e+00,7.4374442250e-03,4.2504356771e-16,2.0997e-01
478.381,1.2707594951e-03,6.021452e-03,1.5067485369e+00,1.5067477508e+00,5.5742388222e-03,4.9493782370e-15,2.1272e-01
479.426,1.2704304641e-03,6.413750e-03,1.5067495464e+00,1.5067487605e+00,3.6681192293e-03,-6.2181143090e-15,2.1152e-01
480.470,1.2703499765e-03,6.681824e-03,1.5067514830e+00,1.5067506972e+00,1.7374187440e-03,-4.1637006022e-15,2.1186e-01
481.515,1.2704923434e-03,6.827183e-03,1.5067545528e+00,1.5067537669e+00,-1.3398623869e-04,-7.2349048899e-15,2.1486e-01
482.559,1.2708257179e-03,6.854121e-03,1.5067577126e+00,1.5067569265e+00,-1.8441792131e-03,-9.2999859373e-16,2.0591e-01
483.604,1.2713145888e-03,6.777224e-03,1.5067629427e+00,1.5067621563e+00,-3.2190171820e-03,-2.3052875698e-15,2.0151e-01
484.648,1.2719222704e-03,6.588454e-03,1.5067663064e+00,1.5067655196e+00,-4.8369699926e-03,-9.4098485433e-15,2.0469e-01
485.693,1.2726132787e-03,6.308371e-03,1.5067705484e+00,1.5067697611e+00,-6.1888507280e-03,1.8922478203e-15,1.0559e-01
486.737,1.2733555795e-03,5.973194e-03,1.5067785237e+00,1.5067777361e+00,-7.1862086892e-03,-2.0763731348e-15,8.9932e-02
487.782,1.2741224274e-03,5.546666e-03,1.5067831276e+00,1.5067823394e+00,-8.3608861669e-03,-1.0403206881e-14,8.4565e-02
488.826,1.2748938592e-03,5.053726e-03,1.5067867671e+00,1.5067859785e+00,-9.5743088128e-03,-1.1506172099e-15,7.6244e-02
489.871,1.2756577506e-03,4.528936e-03,1.5067890168e+00,1.5067882277e+00,-1.0702537388e-02,-6.6254886451e-15,7.1998e-02
490.915,1.2764104439e-03,4.000254e-03,1.5067910162e+00,1.5067902267e+00,-1.1772177404e-02,-7.2266007730e-15,6.7193e-02
491.960,1.2771568797e-03,3.516631e-03,1.5067915306e+00,1.5067907406e+00,-1.2795212985e-02,8.8035820618e-16,6.4338e-02
493.004,1.2779102910e-03,3.145150e-03,1.5067916963e+00,1.5067909058e+00,-1.3786620530e-02,-7.7900395335e-16,6.2505e-02
494.049,1.2786916803e-03,2.972974e-03,1.5067917053e+00,1.5067909143e+00,-1.4725947513e-02,-1.2280787083e-15,6.9567e-02
495.093,1.2795289581e-03,3.068482e-03,1.5067916095e+00,1.5067908180e+00,-1.5607063588e-02,-5.3665916451e-15,7.6423e-02
496.138,1.2804551161e-03,3.431408e-03,1.5067915544e+00,1.5067907623e+00,-1.6441848260e-02,-3.4512841832e-15,8.3078e-02
497.182,1.2815050162e-03,3.999349e-03,1.5067915173e+00,1.5067907246e+00,-1.7226346772e-02,-7.7265591125e-16,8.9541e-02
498.227,1.2827105839e-03,4.698528e-03,1.5067922135e+00,1.5067914201e+00,-1.7996000520e-02,-5.5206928931e-15,9.5816e-02
499.271,1.2840944434e-03,5.469541e-03,1.5067941517e+00,1.5067933574e+00,-1.8769983158e-02,-4.6690921618e-15,1.0126e-01
500.316,1.2856626572e-03,6.268872e-03,1.5067974447e+00,1.5067966494e+00,-1.9478994812e-02,-4.4055733613e-16,1.0731e-01
501.360,1.2873976021e-03,7.061825e-03,1.5068021184e+00,1.5068013221e+00,-2.0178185846e-02,-8.4385922411e-17,1.1319e-01
502.405,1.2892525914e-03,7.817211e-03,1.5068068124e+00,1.5068060149e+00,-2.0886457892e-02,-2.2509163157e-15,1.1890e-01
503.449,1.2911498385e-03,8.502272e-03,1.5068118585e+00,1.5068110598e+00,-2.1563748737e-02,-3.9250516540e-16,1.2446e-01
504.494,1.2929830298e-03,9.083840e-03,1.5068161619e+00,1.5068153621e+00,-2.2238809897e-02,4.6377040095e-16,1.2985e-01
505.538,1.2946249037e-03,9.527156e-03,1.5068206701e+00,1.5068198692e+00,-2.2900045455e-02,1.6557260421e-15,1.3195e-01
506.583,1.2959399646e-03,9.796394e-03,1.5068257755e+00,1.5068249739e+00,-2.3547046239e-02,3.7264890455e-15,1.3645e-01
507.627,1.2968006963e-03,9.850373e-03,1.5068360687e+00,1.5068352666e+00,-2.3884223500e-02,-3.9019681082e-15,1.4085e-01
508.672,1.2971036302e-03,9.666575e-03,1.5068505169e+00,1.5068497146e+00,-2.4391282571e-02,5.1707585818e-15,1.4546e-01
509.716,1.2967823150e-03,9.251145e-03,1.5068624510e+00,1.5068616488e+00,-2.4897239895e-02,3.5435570376e-17,1.5131e-01
510.761,1.2958145871e-03,8.592182e-03,1.5068736722e+00,1.5068728706e+00,-2.5613911969e-02,1.3183038957e-15,1.5673e-01
511.805,1.2942239430e-03,7.708585e-03,1.5068836437e+00,1.5068828431e+00,-2.5735717951e-02,4.3847355061e-15,1.6182e-01
512.850,1.2920757466e-03,6.617706e-03,1.5068938894e+00,1.5068930902e+00,-2.5927996938e-02,-6.2030824896e-16,1.6664e-01
513.894,1.2894696461e-03,5.366551e-03,1.5069043190e+00,1.5069035213e+00,-2.6111510473e-02,6.6092681134e-15,1.7123e-01
514.939,1.2865296995e-03,4.037492e-03,1.5069123445e+00,1.5069115486e+00,-2.6213816542e-02,3.1623270270e-15,1.7562e-01
515.983,1.2833932809e-03,2.787815e-03,1.5069189306e+00,1.5069181367e+00,-2.6197286681e-02,3.0753775725e-15,1.7983e-01
517.028,1.2801997569e-03,2.045596e-03,1.5069250576e+00,1.5069242657e+00,-2.6168457769e-02,1.3982322338e-15,1.8566e-01
518.072,1.2770812108e-03,2.428039e-03,1.5069316273e+00,1.5069308374e+00,-2.5950100913e-02,6.3739998907e-15,1.9043e-01
519.117,1.2741544108e-03,3.565596e-03,1.5069367594e+00,1.5069359712e+00,-2.5651506903e-02,-3.0701066390e-15,1.9440e-01
520.161,1.2715157247e-03,4.880806e-03,1.5069403467e+00,1.5069395601e+00,-2.5273757869e-02,-5.9750611044e-16,1.9785e-01
521.206,1.2692390651e-03,6.160305e-03,1.5069451328e+00,1.5069443477e+00,-2.4842109934e-02,1.8361500951e-15,2.0095e-01
522.250,1.2673739971e-03,7.325630e-03,1.5069472839e+00,1.5069464999e+00,-2.4326852449e-02,1.4117993964e-15,2.0384e-01
523.295,1.2659454237e-03,8.332048e-03,1.5069492711e+00,1.5069484880e+00,-2.3635223362e-02,5.9537987817e-15,2.0657e-01
524.339,1.2649568416e-03,9.156742e-03,1.5069517142e+00,1.5069509317e+00,-2.2868995522e-02,7.1132255205e-15,2.0917e-01
525.384,1.2643940095e-03,9.787815e-03,1.5069539641e+00,1.5069531819e+00,-2.1837859239e-02,5.9088778198e-15,2.1167e-01
526.428,1.2642277474e-03,1.022245e-02,1.5069567178e+00,1.5069559358e+00,-2.0678423103e-02,2.4798727719e-16,2.1424e-01
527.473,1.2644171036e-03,1.046424e-02,1.5069600118e+00,1.5069592297e+00,-1.9400717436e-02,7.3416886903e-15,2.1501e-01
528.517,1.2649129110e-03,1.052079e-02,1.5069637257e+00,1.5069629432e+00,-1.8072934046e-02,1.4070813115e-15,2.1717e-01
529.562,1.2656609736e-03,1.040244e-02,1.5069676179e+00,1.5069668350e+00,-1.6579456154e-02,-1.8482315533e-16,1.5581e-01
530.606,1.2666052615e-03,1.012179e-02,1.5069708558e+00,1.5069700723e+00,-1.5069810556e-02,3.5650031052e-15,1.0452e-01
531.651,1.2676910517e-03,9.693776e-03,1.5069749163e+00,1.5069741322e+00,-1.3332192290e-02,-9.3189595984e-15,1.0317e-01
532.695,1.2688677016e-03,9.128822e-03,1.5069785946e+00,1.5069778097e+00,-1.1682268937e-02,-7.5626166256e-15,9.6159e-02
533.740,1.2700909903e-03,8.444402e-03,1.5069822080e+00,1.5069814224e+00,-9.8990189733e-03,-3.2859431851e-15,8.9059e-02
534.784,1.2713254548e-03,7.658163e-03,1.5069850036e+00,1.5069842172e+00,-8.0874712038e-03,-1.1079480790e-14,8.4056e-02
535.829,1.2725464058e-03,6.796947e-03,1.5069891823e+00,1.5069883951e+00,-6.4488333505e-03,-9.1463006213e-15,7.5790e-02
536.873,1.2737414041e-03,5.880407e-03,1.5069909988e+00,1.5069902109e+00,-4.6482780222e-03,-2.7642385014e-15,6.9823e-02
537.918,1.2749109157e-03,4.957041e-03,1.5069927688e+00,1.5069919802e+00,-2.7872058428e-03,-7.5697667140e-15,6.7336e-02
538.962,1.2760682004e-03,4.108757e-03,1.5069927819e+00,1.5069919925e+00,-8.6218766319e-04,-9.9904713141e-15,6.3818e-02
540.007,1.2772387599e-03,3.474102e-03,1.5069921874e+00,1.5069913974e+00,1.1105927035e-03,-8.5595521829e-15,6.3622e-02
541.051,1.2784595350e-03,3.254587e-03,1.5069914538e+00,1.5069906630e+00,3.0982501870e-03,-6.3147899655e-15,7.0717e-02
542.096,1.2797772291e-03,3.574634e-03,1.5069907280e+00,1.5069899364e+00,5.0747315985e-03,-1.4443404044e-14,7.7612e-02
543.140,1.2812448609e-03,4.336191e-03,1.5069902497e+00,1.5069894572e+00,7.0282259137e-03,-8.2795311994e-15,8.4312e-02
544.185,1.2829155058e-03,5.355102e-03,1.5069899819e+00,1.5069891883e+00,8.9590376527e-03,-9.5672644590e-15,9.0821e-02
545.229,1.2848325772e-03,6.497688e-03,1.5069902844e+00,1.5069894896e+00,1.0916248523e-02,-5.4462919369e-15,9.7144e-02
546.274,1.2870174071e-03,7.682742e-03,1.5069917801e+00,1.5069909840e+00,1.2832566030e-02,-9.7027736874e-15,1.0328e-01
547.318,1.2894563076e-03,8.854041e-03,1.5069949531e+00,1.5069941554e+00,1.4750029334e-02,-7.1485676696e-15,1.0925e-01
548.363,1.2920900972e-03,9.965800e-03,1.5069993931e+00,1.5069985938e+00,1.6567511870e-02,-8.0988937377e-15,1.1504e-01
549.407,1.2948094729e-03,1.097454e-02,1.5070048238e+00,1.5070040228e+00,1.8298871346e-02,7.3692345767e-15,1.2066e-01
550.452,1.2974577679e-03,1.183475e-02,1.5070109926e+00,1.5070101900e+00,1.9924669240e-02,-5.2714740849e-15,1.2612e-01
551.496,1.2998418100e-03,1.249964e-02,1.5070171720e+00,1.5070163679e+00,2.1443437469e-02,1.2481502115e-15,1.3141e-01
552.541,1.3017521101e-03,1.292339e-02,1.5070232126e+00,1.5070224074e+00,2.2944413827e-02,-4.3928286489e-15,1.3654e-01
553.585,1.3029908736e-03,1.306547e-02,1.5070296582e+00,1.5070288522e+00,2.4283545316e-02,-7.4405812342e-15,1.4152e-01
554.630,1.3034011603e-03,1.289000e-02,1.5070388403e+00,1.5070380341e+00,2.6050135327e-02,2.7355383138e-15,1.4079e-01
555.674,1.3028892698e-03,1.238137e-02,1.5070469290e+00,1.5070461231e+00,2.7164919673e-02,-2.6224237971e-15,1.4712e-01
556.719,1.3014376124e-03,1.152641e-02,1.5070626991e+00,1.5070618941e+00,2.8125975005e-02,8.3698869849e-15,1.5279e-01
557.763,1.2991057105e-03,1.036365e-02,1.5070711268e+00,1.5070703232e+00,2.9236172054e-02,-8.2431806474e-16,1.5790e-01
558.808,1.2960198619e-03,8.907547e-03,1.5070869561e+00,1.5070861544e+00,2.9721916394e-02,3.9618775736e-15,1.6854e-01
559.852,1.2923554815e-03,7.245129e-03,1.5070959403e+00,1.5070951409e+00,3.0579259916e-02,2.0390389810e-15,1.6850e-01
560.897,1.2883159860e-03,5.447856e-03,1.5071091915e+00,1.5071083945e+00,3.0875686141e-02,2.2017507597e-15,1.7333e-01
561.941,1.2841120215e-03,3.692937e-03,1.5071190613e+00,1.5071182670e+00,3.1124847121e-02,5.5561594603e-15,1.7774e-01
562.986,1.2799425925e-03,2.405690e-03,1.5071291514e+00,1.5071283596e+00,3.1135965204e-02,3.6911625578e-15,1.8191e-01
564.030,1.2759835962e-03,2.574374e-03,1.5071398214e+00,1.5071390321e+00,3.0984276375e-02,5.4218660962e-15,1.8685e-01
565.075,1.2723775227e-03,3.957229e-03,1.5071460957e+00,1.5071453087e+00,3.0628656090e-02,9.6126948951e-15,1.9104e-01
566.119,1.2692291962e-03,5.615695e-03,1.5071602324e+00,1.5071594472e+00,2.9744217602e-02,4.3794664929e-15,1.9679e-01
567.164,1.2666084009e-03,7.184481e-03,1.5071665085e+00,1.5071657250e+00,2.9204558768e-02,7.0618395103e-15,2.0176e-01
568.208,1.2645514399e-03,8.597565e-03,1.5071725769e+00,1.5071717946e+00,2.8491416123e-02,-1.1501054928e-15,2.0574e-01
569.253,1.2630621443e-03,9.808048e-03,1.5071770644e+00,1.5071762831e+00,2.7541426631e-02,3.1424284589e-15,2.0908e-01
570.297,1.2621173798e-03,1.079145e-02,1.5071809243e+00,1.5071801436e+00,2.6513415355e-02,-3.9405188561e-15,2.1198e-01
571.342,1.2616766712e-03,1.153929e-02,1.5071836773e+00,1.5071828968e+00,2.5361549554e-02,-6.5585245651e-15,2.1461e-01
572.386,1.2616868134e-03,1.205143e-02,1.5071855178e+00,1.5071847373e+00,2.4192204973e-02,-1.9551255109e-15,2.1357e-01
573.431,1.2620852847e-03,1.233367e-02,1.5071878604e+00,1.5071870797e+00,2.2953658716e-02,-9.0863829047e-16,2.1720e-01
574.475,1.2628045510e-03,1.239732e-02,1.5071919559e+00,1.5071911747e+00,2.1512202718e-02,-6.0466312277e-16,2.2068e-01
575.520,1.2637757253e-03,1.225634e-02,1.5071963579e+00,1.5071955761e+00,1.9960069645e-02,-4.8789876773e-15,2.2408e-01
576.564,1.2649317754e-03,1.193174e-02,1.5072029677e+00,1.5072021852e+00,1.8234008268e-02,-2.5761714334e-15,2.2727e-01
577.609,1.2662104436e-03,1.143980e-02,1.5072115537e+00,1.5072107704e+00,1.6287159153e-02,-7.6413948084e-15,2.1061e-01
578.653,1.2675572323e-03,1.079111e-02,1.5072193382e+00,1.5072185541e+00,1.4413526876e-02,2.5911371163e-15,1.5679e-01
579.698,1.2689269464e-03,9.998707e-03,1.5072276124e+00,1.5072268275e+00,1.2445005717e-02,-7.3759447229e-15,1.0614e-01
580.742,1.2702859500e-03,9.087798e-03,1.5072354003e+00,1.5072346145e+00,1.0556874342e-02,-5.9994098845e-15,1.0243e-01
581.787,1.2716136714e-03,8.067353e-03,1.5072408924e+00,1.5072401058e+00,8.6340933991e-03,-7.0133807501e-15,9.3038e-02
582.831,1.2729034599e-03,6.984599e-03,1.5072460952e+00,1.5072453078e+00,6.6829450570e-03,-9.4496644028e-15,8.2010e-02
583.876,1.2741622845e-03,5.894603e-03,1.5072474972e+00,1.5072467091e+00,4.8805620182e-03,2.3464781016e-15,7.7729e-02
584.920,1.2754096774e-03,4.887038e-03,1.5072476080e+00,1.5072468190e+00,3.0274607639e-03,-4.9739916350e-16,7.4544e-02
585.965,1.2766768488e-03,4.121702e-03,1.5072472188e+00,1.5072464290e+00,1.2186310105e-03,1.0905852278e-15,6.9552e-02
587.009,1.2780061723e-03,3.835450e-03,1.5072465442e+00,1.5072457537e+00,-5.5291725178e-04,-1.9931712869e-16,6.3982e-02
588.054,1.2794505003e-03,4.184998e-03,1.5072458516e+00,1.5072450602e+00,-2.2699288748e-03,-2.7100499206e-15,5.8148e-02
589.098,1.2810711349e-03,5.066454e-03,1.5072451417e+00,1.5072443493e+00,-3.9283996501e-03,-6.3321979307e-15,5.2156e-02
590.143,1.2829331177e-03,6.264017e-03,1.5072445004e+00,1.5072437068e+00,-5.5228094181e-03,-8.3401009305e-15,4.9236e-02
591.187,1.2850964714e-03,7.619288e-03,1.5072439442e+00,1.5072431492e+00,-7.0416697553e-03,-1.5224540585e-15,5.5316e-02
592.232,1.2876027650e-03,9.037031e-03,1.5072440405e+00,1.5072432440e+00,-8.4392897000e-03,-2.9001924855e-15,6.1230e-02
593.276,1.2904578064e-03,1.045333e-02,1.5072457884e+00,1.5072449901e+00,-9.7473100262e-03,-3.7143781641e-17,6.9221e-02
594.321,1.2936144934e-03,1.181547e-02,1.5072485375e+00,1.5072477373e+00,-1.1012606143e-02,-4.4760158955e-15,7.9015e-02
595.365,1.2969608679e-03,1.307054e-02,1.5072522152e+00,1.5072514129e+00,-1.2228708693e-02,2.6853117404e-15,8.4485e-02
596.410,1.3003166772e-03,1.416281e-02,1.5072582365e+00,1.5072574321e+00,-1.3250836389e-02,2.6265721186e-15,9.1899e-02
597.454,1.3034410542e-03,1.503378e-02,1.5072664721e+00,1.5072656658e+00,-1.4192299947e-02,7.1891364033e-15,9.8887e-02
598.499,1.3060559933e-03,1.562585e-02,1.5072757629e+00,1.5072749550e+00,-1.5081277447e-02,7.5275934070e-15,1.0550e-01
599.543,1.3078857935e-03,1.588531e-02,1.5072852217e+00,1.5072844126e+00,-1.5928891660e-02,1.0749652496e-14,1.1612e-01
600.588,1.3087017980e-03,1.576738e-02,1.5072948265e+00,1.5072940169e+00,-1.6675935659e-02,6.3991108708e-15,1.2208e-01
601.632,1.3083576233e-03,1.524440e-02,1.5073039248e+00,1.5073031155e+00,-1.7347913567e-02,1.0090802891e-14,1.2966e-01
602.677,1.3068091735e-03,1.430863e-02,1.5073135856e+00,1.5073127772e+00,-1.8028027771e-02,7.2262904701e-15,1.3644e-01
603.721,1.3041174470e-03,1.296769e-02,1.5073269051e+00,1.5073260984e+00,-1.8090479146e-02,8.9690758253e-15,1.4251e-01
604.766,1.3004343091e-03,1.124673e-02,1.5073479648e+00,1.5073471604e+00,-1.9291700846e-02,5.8383011302e-15,1.4804e-01
605.810,1.2959777355e-03,9.229789e-03,1.5073672101e+00,1.5073664084e+00,-1.9301074864e-02,9.2893185490e-15,1.5547e-01
606.855,1.2910032991e-03,7.031529e-03,1.5073831716e+00,1.5073823730e+00,-1.9747649784e-02,4.9917910768e-15,1.6217e-01
607.899,1.2857762598e-03,4.799772e-03,1.5073991419e+00,1.5073983465e+00,-2.0345379580e-02,9.4721405868e-15,1.7367e-01
608.944,1.2805468204e-03,2.978320e-03,1.5074170742e+00,1.5074162820e+00,-2.0854813868e-02,2.8861305121e-14,1.7283e-01
609.988,1.2755341413e-03,2.901481e-03,1.5074295407e+00,1.5074287516e+00,-2.1102789962e-02,9.7282427608e-15,1.7983e-01
611.033,1.2709175120e-03,4.597783e-03,1.5074460738e+00,1.5074452876e+00,-2.1137328359e-02,1.0390433955e-14,1.8522e-01
612.077,1.2668308297e-03,6.718582e-03,1.5074624110e+00,1.5074616274e+00,-2.0852868559e-02,1.1375303327e-14,1.8990e-01
613.122,1.2633632776e-03,8.786233e-03,1.5074775983e+00,1.5074768168e+00,-2.1695840270e-02,1.5838706625e-14,1.9388e-01
614.166,1.2605660472e-03,1.065250e-02,1.5074849928e+00,1.5074842130e+00,-2.2033789615e-02,6.1264791487e-15,1.9852e-01
615.211,1.2584539142e-03,1.227757e-02,1.5074920613e+00,1.5074912828e+00,-2.2414471380e-02,1.6769369582e-14,2.0263e-01
616.255,1.2570104583e-03,1.362849e-02,1.5074975293e+00,1.5074967517e+00,-2.2725037690e-02,1.3726189294e-14,2.0578e-01
617.300,1.2561967983e-03,1.469032e-02,1.5075019871e+00,1.5075012100e+00,-2.3040399304e-02,1.4793864793e-14,2.0836e-01
618.344,1.2559590108e-03,1.545988e-02,1.5075038549e+00,1.5075030780e+00,-2.3286106663e-02,2.2311795357e-14,2.1063e-01
619.389,1.2562325769e-03,1.594049e-02,1.5075051762e+00,1.5075043991e+00,-2.3495205416e-02,1.3592922695e-14,2.1272e-01
620.433,1.2569452499e-03,1.614114e-02,1.5075070909e+00,1.5075063134e+00,-2.3623787055e-02,1.2584285992e-14,2.1528e-01
621.478,1.2580199275e-03,1.607633e-02,1.5075122575e+00,1.5075114793e+00,-2.3744803782e-02,3.9904009902e-15,2.1262e-01
622.522,1.2593777637e-03,1.576575e-02,1.5075174348e+00,1.5075166557e+00,-2.3757802955e-02,1.2708321278e-14,2.1130e-01
623.567,1.2609411695e-03,1.523624e-02,1.5075277393e+00,1.5075269593e+00,-2.3504460949e-02,1.0076228671e-14,2.1422e-01
624.611,1.2626372389e-03,1.450655e-02,1.5075402705e+00,1.5075394895e+00,-2.3200139510e-02,7.6870262715e-15,2.1222e-01
625.656,1.2644007478e-03,1.357160e-02,1.5075508589e+00,1.5075500767e+00,-2.3093958134e-02,1.1338107393e-14,2.1186e-01
626.700,1.2661771289e-03,1.248581e-02,1.5075650624e+00,1.5075642792e+00,-2.2689039870e-02,1.0321078928e-14,1.6934e-01
627.745,1.2679266674e-03,1.121933e-02,1.5075743237e+00,1.5075735394e+00,-2.2357262855e-02,1.7163859892e-15,1.1153e-01
628.789,1.2696268303e-03,9.837595e-03,1.5075789257e+00,1.5075781404e+00,-2.1731189173e-02,5.2329605799e-15,1.0494e-01
629.834,1.2712740751e-03,8.386355e-03,1.5075822649e+00,1.5075814785e+00,-2.1055421027e-02,-8.9762224161e-17,9.9312e-02
630.878,1.2728831099e-03,6.941304e-03,1.5075860587e+00,1.5075852713e+00,-2.0364943498e-02,7.6710724783e-15,9.5301e-02
631.923,1.2744845662e-03,5.644040e-03,1.5075873859e+00,1.5075865976e+00,-1.9513735254e-02,6.5461622818e-15,8.7675e-02
632.967,1.2761226232e-03,4.757208e-03,1.5075869642e+00,1.5075861748e+00,-1.8459068732e-02,4.9567157102e-15,7.8917e-02
634.012,1.2778535139e-03,4.639881e-03,1.5075860962e+00,1.5075853058e+00,-1.7280109894e-02,-1.4339096015e-15,6.9733e-02
635.056,1.2797452685e-03,5.411554e-03,1.5075851556e+00,1.5075843639e+00,-1.6002690027e-02,3.2693678645e-15,6.2237e-02
636.101,1.2818776574e-03,6.806623e-03,1.5075842439e+00,1.5075834509e+00,-1.4617320381e-02,-2.7025221153e-15,5.4727e-02
637.145,1.2843394071e-03,8.530560e-03,1.5075834063e+00,1.5075826118e+00,-1.3136760937e-02,-2.0082416140e-15,4.6957e-02
638.190,1.2872190123e-03,1.040806e-02,1.5075825800e+00,1.5075817837e+00,-1.1561545682e-02,-7.6396917172e-15,3.9081e-02
639.234,1.2905870902e-03,1.233867e-02,1.5075819669e+00,1.5075811685e+00,-9.8988033069e-03,-5.8248587065e-15,4.1294e-02
640.279,1.2944690781e-03,1.425168e-02,1.5075814431e+00,1.5075806424e+00,-8.1505817412e-03,3.5020412688e-15,6.1172e-02
641.323,1.2988142180e-03,1.608372e-02,1.5075818983e+00,1.5075810948e+00,-6.3751515825e-03,-5.2201499584e-15,6.8451e-02
642.368,1.3034706281e-03,1.776731e-02,1.5075859682e+00,1.5075851619e+00,-4.5345271278e-03,-8.7879255995e-15,7.8334e-02
643.412,1.3081751400e-03,1.922925e-02,1.5075899538e+00,1.5075891446e+00,-2.5892924753e-03,3.0585822445e-15,7.9909e-02
644.457,1.3125642600e-03,2.038849e-02,1.5075955723e+00,1.5075947603e+00,-6.1028857331e-04,-4.2389249590e-15,8.5739e-02
645.501,1.3162164366e-03,2.116236e-02,1.5076035866e+00,1.5076027724e+00,1.2958323171e-03,5.1229452916e-18,9.5702e-02
646.546,1.3187192179e-03,2.147248e-02,1.5076182075e+00,1.5076173917e+00,3.3683463015e-03,6.5749218754e-16,1.0025e-01
647.590,1.3197395468e-03,2.126294e-02,1.5076288439e+00,1.5076280275e+00,5.2967360469e-03,-8.7946077349e-16,1.0488e-01
648.635,1.3190782798e-03,2.049232e-02,1.5076419071e+00,1.5076410911e+00,7.3302238642e-03,-8.0200251377e-16,1.1108e-01
649.679,1.3166997808e-03,1.915427e-02,1.5076536812e+00,1.5076528667e+00,9.4369611786e-03,-1.1070579783e-15,1.2154e-01
650.724,1.3127287410e-03,1.727481e-02,1.5076665053e+00,1.5076656932e+00,1.1416465770e-02,-5.6619895666e-15,1.2270e-01
651.768,1.3074208962e-03,1.489291e-02,1.5076922414e+00,1.5076914326e+00,1.3384844577e-02,-2.3111126739e-15,1.2834e-01
652.813,1.3011189592e-03,1.212424e-02,1.5077133023e+00,1.5077124975e+00,1.5284115769e-02,4.2206741310e-15,1.5046e-01
653.857,1.2942059553e-03,9.077997e-03,1.5077388113e+00,1.5077380107e+00,1.7264002762e-02,1.4036587667e-14,1.3952e-01
654.902,1.2870631616e-03,5.979782e-03,1.5077621582e+00,1.5077613620e+00,1.9274807701e-02,2.9963112365e-15,1.5302e-01
655.946,1.2800342154e-03,3.377407e-03,1.5077850654e+00,1.5077842736e+00,2.0823987039e-02,1.0414964364e-14,1.5265e-01
656.991,1.2734066338e-03,3.332541e-03,1.5078086214e+00,1.5078078337e+00,2.2831980400e-02,1.7595255214e-14,1.6123e-01
658.035,1.2674059210e-03,5.804025e-03,1.5078399845e+00,1.5078392005e+00,2.4620424998e-02,1.2029370340e-14,1.6879e-01
659.080,1.2621853032e-03,8.627693e-03,1.5078611594e+00,1.5078603786e+00,2.5557071205e-02,1.0342916987e-14,1.7695e-01
660.124,1.2578388929e-03,1.134159e-02,1.5078855488e+00,1.5078847707e+00,2.7693861991e-02,8.3023007737e-15,1.8887e-01
661.169,1.2544097904e-03,1.373260e-02,1.5078974893e+00,1.5078967133e+00,2.8858869794e-02,1.9306182498e-14,1.9449e-01
662.213,1.2518931442e-03,1.579758e-02,1.5079076615e+00,1.5079068871e+00,2.9850525054e-02,8.1047977770e-15,1.9677e-01
663.258,1.2502451172e-03,1.748373e-02,1.5079145866e+00,1.5079138133e+00,3.0692543111e-02,1.6482986674e-14,2.0078e-01
664.302,1.2493929512e-03,1.879290e-02,1.5079193931e+00,1.5079186203e+00,3.1385742512e-02,1.1372321036e-14,2.0387e-01
665.347,1.2492508198e-03,1.972499e-02,1.5079217266e+00,1.5079209538e+00,3.1884001713e-02,1.3155494424e-14,2.0926e-01
666.391,1.2497266880e-03,2.028735e-02,1.5079232260e+00,1.5079224529e+00,3.2258726659e-02,1.8423147309e-14,2.1380e-01
667.436,1.2507240545e-03,2.049377e-02,1.5079255412e+00,1.5079247675e+00,3.2478197582e-02,5.9885147829e-15,2.1090e-01
668.480,1.2521454065e-03,2.036376e-02,1.5079311010e+00,1.5079303264e+00,3.2580635422e-02,7.7582931279e-15,2.0945e-01
669.525,1.2538953126e-03,1.993920e-02,1.5079437173e+00,1.5079429417e+00,3.2300481464e-02,1.2583900332e-14,2.0583e-01
670.569,1.2558826636e-03,1.921526e-02,1.5079560166e+00,1.5079552398e+00,3.2103353013e-02,1.9880355164e-14,2.0521e-01
671.614,1.2580240276e-03,1.822432e-02,1.5079678836e+00,1.5079671054e+00,3.1704733557e-02,1.3142009436e-14,2.0383e-01
672.658,1.2602466105e-03,1.698801e-02,1.5079797786e+00,1.5079789991e+00,3.1336218493e-02,1.1169046739e-14,2.0652e-01
673.703,1.2624887339e-03,1.552947e-02,1.5079912386e+00,1.5079904577e+00,3.0836227456e-02,1.2905902842e-14,1.9056e-01
674.747,1.2647072318e-03,1.387867e-02,1.5080027581e+00,1.5080019757e+00,3.0229766066e-02,7.5696872642e-15,1.8604e-01
675.792,1.2668779757e-03,1.207033e-02,1.5080097376e+00,1.5080089539e+00,2.9527668567e-02,1.1337843558e-14,1.5624e-01
676.836,1.2689993465e-03,1.016176e-02,1.5080142591e+00,1.5080134741e+00,2.8466880779e-02,6.6851820086e-15,1.1635e-01
677.881,1.2710909997e-03,8.234390e-03,1.5080168396e+00,1.5080160533e+00,2.7632176433e-02,1.3787059372e-14,1.1231e-01
678.925,1.2731892907e-03,6.447982e-03,1.5080187993e+00,1.5080180117e+00,2.6432861532e-02,2.6798757913e-15,1.0546e-01
679.970,1.2753421876e-03,5.141097e-03,1.5080188140e+00,1.5080180251e+00,2.5263887202e-02,-1.8198753881e-15,9.6284e-02
681.014,1.2776062401e-03,4.874280e-03,1.5080181200e+00,1.5080173297e+00,2.4015320866e-02,-7.6779603480e-16,8.8119e-02
682.059,1.2800466285e-03,5.870402e-03,1.5080172465e+00,1.5080164546e+00,2.2672823869e-02,-2.1843912339e-15,7.7562e-02
683.103,1.2827396428e-03,7.678071e-03,1.5080162009e+00,1.5080154074e+00,2.1261962652e-02,-2.9028837989e-15,6.6455e-02
684.148,1.2857729449e-03,9.854719e-03,1.5080150593e+00,1.5080142639e+00,1.9786401887e-02,4.1154894123e-16,5.8761e-02
685.192,1.2892375786e-03,1.217546e-02,1.5080138648e+00,1.5080130673e+00,1.8253273904e-02,-1.1904303000e-15,5.1838e-02
686.237,1.2932076581e-03,1.452264e-02,1.5080128020e+00,1.5080120020e+00,1.6671897661e-02,-4.9428992757e-15,4.4880e-02
687.281,1.2977087062e-03,1.681577e-02,1.5080119221e+00,1.5080111193e+00,1.5048978009e-02,-1.2702821837e-14,3.7984e-02
688.326,1.3026841478e-03,1.898300e-02,1.5080113822e+00,1.5080105764e+00,1.3402757550e-02,-1.1870630360e-14,4.4536e-02
689.370,1.3079676242e-03,2.094889e-02,1.5080111599e+00,1.5080103508e+00,1.1758405511e-02,-3.4546180375e-15,6.0006e-02
690.415,1.3132675979e-03,2.263055e-02,1.5080128114e+00,1.5080119991e+00,9.9800899333e-03,-1.9782929309e-14,7.0177e-02
691.459,1.3181788935e-03,2.393814e-02,1.5080195730e+00,1.5080187576e+00,8.3548557691e-03,-1.2083821012e-14,7.6114e-02
692.504,1.3222301732e-03,2.478329e-02,1.5080265017e+00,1.5080256838e+00,6.6967826961e-03,-9.0931805602e-15,8.6079e-02
693.548,1.3249605501e-03,2.508241e-02,1.5080348160e+00,1.5080339964e+00,5.0867801426e-03,-6.8457889556e-15,9.0931e-02
694.593,1.3259960963e-03,2.476690e-02,1.5080483527e+00,1.5080475324e+00,3.5312607034e-03,-5.2376399242e-15,1.0159e-01
695.637,1.3251120967e-03,2.379571e-02,1.5080647992e+00,1.5080639795e+00,1.9309256751e-03,-1.1715886142e-14,1.1497e-01
696.682,1.3222649536e-03,2.216621e-02,1.5080809914e+00,1.5080801734e+00,4.7704917406e-04,-1.4871573692e-14,1.2549e-01
697.726,1.3175892930e-03,1.990961e-02,1.5081001607e+00,1.5080993457e+00,-9.7845511088e-04,-7.4655369077e-15,1.2684e-01
698.771,1.3113693964e-03,1.710267e-02,1.5081184443e+00,1.5081176331e+00,-2.3145907509e-03,-2.2256258400e-15,1.2431e-01
699.815,1.3039920359e-03,1.384105e-02,1.5081487331e+00,1.5081479265e+00,-3.8080634900e-03,1.6251800877e-15,1.2866e-01
700.860,1.2958940879e-03,1.028884e-02,1.5081796470e+00,1.5081788454e+00,-4.9439270542e-03,-2.7183296840e-15,1.5205e-01
701.904,1.2875156497e-03,6.707373e-03,1.5082084230e+00,1.5082076266e+00,-6.0243797341e-03,1.5032300185e-15,1.5233e-01
702.949,1.2792594965e-03,3.842991e-03,1.5082403111e+00,1.5082395198e+00,-7.3388312209e-03,6.3004443438e-15,1.5877e-01
703.993,1.2714653904e-03,4.258725e-03,1.5082832220e+00,1.5082824355e+00,-7.6616823578e-03,-7.4366108840e-15,1.4778e-01
705.038,1.2644061685e-03,7.115864e-03,1.5083161099e+00,1.5083153277e+00,-9.0784988798e-03,1.0658512214e-14,1.6548e-01
706.082,1.2582783268e-03,1.045652e-02,1.5083588912e+00,1.5083581128e+00,-9.5984267990e-03,2.3411306703e-15,1.9674e-01
707.127,1.2532039591e-03,1.358382e-02,1.5083936567e+00,1.5083928815e+00,-1.0023499146e-02,-7.9533006560e-16,2.0131e-01
708.171,1.2492460030e-03,1.636665e-02,1.5084230712e+00,1.5084222984e+00,-1.1684469689e-02,1.5382158700e-14,2.0052e-01
709.216,1.2464088072e-03,1.874402e-02,1.5084455150e+00,1.5084447440e+00,-1.1651475456e-02,1.3798601360e-14,1.8739e-01
710.260,1.2446433415e-03,2.065795e-02,1.5084569333e+00,1.5084561634e+00,-1.2367029611e-02,1.9398971850e-14,1.8777e-01
711.305,1.2438616709e-03,2.213313e-02,1.5084654414e+00,1.5084646720e+00,-1.3023058804e-02,1.3821483882e-14,1.9424e-01
712.349,1.2439484081e-03,2.317223e-02,1.5084714870e+00,1.5084707175e+00,-1.3669316760e-02,1.6449110921e-14,1.9940e-01
713.394,1.2447715529e-03,2.378812e-02,1.5084743644e+00,1.5084735944e+00,-1.4293162799e-02,1.2507511131e-14,2.0350e-01
714.438,1.2461925127e-03,2.399801e-02,1.5084758724e+00,1.5084751015e+00,-1.4850556358e-02,2.0539098682e-14,2.0656e-01
715.483,1.2480741261e-03,2.382407e-02,1.5084780879e+00,1.5084773159e+00,-1.5413240832e-02,2.3682995745e-14,2.0889e-01
716.527,1.2502858760e-03,2.329016e-02,1.5084855081e+00,1.5084847347e+00,-1.5944373970e-02,2.7980812873e-14,2.0728e-01
717.572,1.2527070158e-03,2.242733e-02,1.5084938903e+00,1.5084931154e+00,-1.6551125623e-02,2.6130979868e-14,1.9692e-01
718.616,1.2552331726e-03,2.125854e-02,1.5085032524e+00,1.5085024759e+00,-1.6998247154e-02,2.5098800213e-14,1.9106e-01
719.661,1.2577799018e-03,1.981855e-02,1.5085166946e+00,1.5085159165e+00,-1.7589458434e-02,2.7077372365e-14,1.7968e-01
720.705,1.2602823729e-03,1.812484e-02,1.5085298686e+00,1.5085290890e+00,-1.7958006532e-02,2.2507131493e-14,1.5152e-01
721.750,1.2627046239e-03,1.620070e-02,1.5085398920e+00,1.5085391109e+00,-1.8430158062e-02,1.7924947561e-14,1.4637e-01
722.794,1.2650355654e-03,1.411733e-02,1.5085557456e+00,1.5085549631e+00,-1.8892726714e-02,1.7205565726e-14,1.4064e-01
723.839,1.2672893774e-03,1.189681e-02,1.5085638484e+00,1.5085630644e+00,-1.9247271797e-02,2.9409202679e-14,1.3991e-01
724.883,1.2695031825e-03,9.649871e-03,1.5085710592e+00,1.5085702739e+00,-1.9345264126e-02,1.8384441071e-14,1.3464e-01
725.928,1.2717325944e-03,7.570127e-03,1.5085737487e+00,1.5085729620e+00,-1.9349800997e-02,2.1624463866e-14,1.2465e-01
726.972,1.2740454534e-03,6.053056e-03,1.5085753688e+00,1.5085745807e+00,-1.9490390219e-02,1.5518676405e-14,1.1481e-01
728.017,1.2765181146e-03,5.754191e-03,1.5085774386e+00,1.5085766490e+00,-1.9601047547e-02,6.8341115510e-15,1.1153e-01
729.061,1.2792365437e-03,6.938764e-03,1.5085785128e+00,1.5085777215e+00,-1.9664169222e-02,1.2550969213e-14,1.0463e-01
730.106,1.2823008691e-03,9.084262e-03,1.5085792617e+00,1.5085784685e+00,-1.9634917661e-02,8.3338724222e-15,9.5357e-02
731.150,1.2858260041e-03,1.167886e-02,1.5085795139e+00,1.5085787185e+00,-1.9558352248e-02,8.4743050833e-15,9.0136e-02
732.195,1.2899302650e-03,1.446409e-02,1.5085796185e+00,1.5085788205e+00,-1.9410950943e-02,1.0692110376e-14,8.0745e-02
733.239,1.2947105198e-03,1.730652e-02,1.5085795892e+00,1.5085787883e+00,-1.9191464091e-02,3.2591488578e-15,6.9325e-02
734.284,1.3002064855e-03,2.011501e-02,1.5085794297e+00,1.5085786254e+00,-1.8894476172e-02,1.5849093921e-15,6.4608e-02
735.328,1.3063628302e-03,2.280678e-02,1.5085791185e+00,1.5085783104e+00,-1.8513124036e-02,9.4760321896e-15,5.5211e-02
736.373,1.3129990360e-03,2.529149e-02,1.5085784241e+00,1.5085776119e+00,-1.8030806650e-02,-4.1721656949e-15,5.2902e-02
737.417,1.3197891789e-03,2.746629e-02,1.5085778724e+00,1.5085770560e+00,-1.7472195156e-02,-4.7583579164e-16,4.4863e-02
738.462,1.3262604631e-03,2.921643e-02,1.5085775261e+00,1.5085767057e+00,-1.6825811069e-02,-4.5840818430e-15,5.8453e-02
739.506,1.3318299351e-03,3.042148e-02,1.5085776764e+00,1.5085768526e+00,-1.6107510491e-02,-7.2394836449e-15,7.1477e-02
740.551,1.3358827036e-03,3.096552e-02,1.5085811243e+00,1.5085802979e+00,-1.5470246964e-02,-1.3404385661e-14,1.0376e-01
741.595,1.3378711182e-03,3.075123e-02,1.5085888886e+00,1.5085880610e+00,-1.4450946391e-02,-8.3552245998e-15,8.7180e-02
742.640,1.3374123286e-03,2.971438e-02,1.5085967791e+00,1.5085959518e+00,-1.3541624484e-02,-1.1360873022e-14,1.0824e-01
743.684,1.3343561017e-03,2.783294e-02,1.5086093232e+00,1.5086084977e+00,-1.2703832122e-02,-1.3605002830e-14,1.2206e-01
744.729,1.3288081912e-03,2.513605e-02,1.5086286230e+00,1.5086278010e+00,-1.1354688846e-02,-1.0327664649e-14,1.2314e-01
745.773,1.3211084307e-03,2.171536e-02,1.5086479202e+00,1.5086471030e+00,-1.0235909127e-02,-9.7283320274e-15,1.2453e-01
746.818,1.3117683675e-03,1.771264e-02,1.5086676825e+00,1.5086668711e+00,-8.8867304895e-03,-1.7028264660e-14,1.3102e-01
747.862,1.3013907496e-03,1.332020e-02,1.5086972341e+00,1.5086964291e+00,-7.6875975747e-03,-1.0477029094e-14,1.3418e-01
748.907,1.2905939998e-03,8.849306e-03,1.5087272320e+00,1.5087264336e+00,-6.1261466452e-03,-7.6529311742e-15,1.5240e-01
749.951,1.2799461254e-03,5.090331e-03,1.5087640149e+00,1.5087632231e+00,-4.8974287730e-03,-1.1091356412e-14,1.6903e-01
750.996,1.2699263401e-03,4.833729e-03,1.5087979974e+00,1.5087972118e+00,-3.1023225382e-03,-3.1958010235e-15,1.5857e-01
752.040,1.2609071403e-03,8.268623e-03,1.5088496892e+00,1.5088489093e+00,-2.1115255675e-03,-9.0674912353e-15,1.5788e-01
753.085,1.2531551743e-03,1.222377e-02,1.5088798474e+00,1.5088790722e+00,7.1149983980e-05,-6.2592292987e-15,1.8145e-01
754.129,1.2468218975e-03,1.605736e-02,1.5089277338e+00,1.5089269626e+00,1.6839537695e-03,-1.3994103048e-14,2.0622e-01
755.174,1.2419690415e-03,1.945359e-02,1.5089681262e+00,1.5089673580e+00,2.8557125885e-03,-6.4878994326e-16,2.0564e-01
756.218,1.2385820170e-03,2.234272e-02,1.5089969599e+00,1.5089961937e+00,5.1823571939e-03,-9.2372260888e-16,2.0412e-01
757.263,1.2365723349e-03,2.469049e-02,1.5090236767e+00,1.5090229118e+00,6.4925810575e-03,4.2266779540e-15,1.9678e-01
758.307,1.2357967508e-03,2.647850e-02,1.5090346461e+00,1.5090338816e+00,8.2479826195e-03,4.0064413972e-15,1.6735e-01
759.352,1.2360793060e-03,2.774692e-02,1.5090436067e+00,1.5090428421e+00,1.0047022648e-02,8.0303360412e-15,1.5912e-01
760.396,1.2372258538e-03,2.851768e-02,1.5090493729e+00,1.5090486075e+00,1.1851174433e-02,4.5061224286e-15,1.6359e-01
761.441,1.2390397423e-03,2.881641e-02,1.5090533930e+00,1.5090526265e+00,1.3579097909e-02,1.3591260657e-14,1.6782e-01
762.485,1.2413363162e-03,2.867149e-02,1.5090555871e+00,1.5090548192e+00,1.5262072181e-02,6.4684309246e-15,1.7426e-01
763.530,1.2439530189e-03,2.811287e-02,1.5090571897e+00,1.5090564203e+00,1.6844726611e-02,2.1122036298e-14,1.7761e-01
764.574,1.2467535050e-03,2.717052e-02,1.5090621386e+00,1.5090613673e+00,1.8263610129e-02,1.7128484824e-14,1.7593e-01
765.619,1.2496296711e-03,2.587454e-02,1.5090685946e+00,1.5090678216e+00,1.9718372608e-02,1.8519383351e-14,1.7595e-01
766.663,1.2525053307e-03,2.425284e-02,1.5090769866e+00,1.5090762118e+00,2.1285824882e-02,2.4706670712e-14,1.7339e-01
767.708,1.2553251232e-03,2.233264e-02,1.5090867198e+00,1.5090859432e+00,2.2617599523e-02,2.4823250267e-14,1.5719e-01
768.752,1.2580647371e-03,2.014564e-02,1.5090962522e+00,1.5090954740e+00,2.3856156721e-02,1.1998665421e-14,1.5459e-01
769.797,1.2607248477e-03,1.772815e-02,1.5091083786e+00,1.5091075987e+00,2.4846549903e-02,2.5201469519e-14,1.4797e-01
770.841,1.2633255537e-03,1.512846e-02,1.5091199855e+00,1.5091192040e+00,2.5842859411e-02,2.5538971359e-14,1.4046e-01
771.886,1.2659036818e-03,1.242182e-02,1.5091303231e+00,1.5091295400e+00,2.6754322335e-02,2.2958516674e-14,1.3555e-01
772.930,1.2685089501e-03,9.726321e-03,1.5091387886e+00,1.5091380039e+00,2.7569436992e-02,3.0190303437e-14,1.3781e-01
773.975,1.2711985187e-03,7.304439e-03,1.5091448144e+00,1.5091440280e+00,2.8319465613e-02,2.4080929503e-14,1.3194e-01
775.019,1.2740348488e-03,5.770736e-03,1.5091485855e+00,1.5091477974e+00,2.8815690026e-02,2.6973989360e-14,1.2626e-01
776.064,1.2770882603e-03,6.028012e-03,1.5091522363e+00,1.5091514463e+00,2.9143311573e-02,2.5927688056e-14,2.1606e-01
777.108,1.2804438248e-03,7.977164e-03,1.5091550385e+00,1.5091542464e+00,2.9370383989e-02,2.9506502361e-14,3.4437e-01
778.153,1.2842073315e-03,1.075293e-02,1.5091572253e+00,1.5091564309e+00,2.9414237011e-02,1.8685229984e-14,1.0889e-01
779.197,1.2884983329e-03,1.385501e-02,1.5091590204e+00,1.5091582233e+00,2.9335682300e-02,2.1219470732e-14,1.0096e-01
780.242,1.2934249399e-03,1.706950e-02,1.5091602764e+00,1.5091594763e+00,2.9078061769e-02,1.6306717635e-14,8.9107e-02
781.286,1.2990455996e-03,2.028147e-02,1.5091610808e+00,1.5091602772e+00,2.8709999363e-02,9.4463320734e-15,7.7596e-02
782.331,1.3053355214e-03,2.340269e-02,1.5091615695e+00,1.5091607621e+00,2.8199462853e-02,1.7209640087e-14,7.0362e-02
783.375,1.3121667271e-03,2.634454e-02,1.5091619934e+00,1.5091611817e+00,2.7563074591e-02,6.2313872655e-15,7.6910e-02
784.420,1.3192962604e-03,2.900800e-02,1.5091623929e+00,1.5091615768e+00,2.6811175751e-02,-5.0120026304e-16,8.7652e-02
785.464,1.3263590318e-03,3.128096e-02,1.5091627522e+00,1.5091619318e+00,2.5951690596e-02,-2.4505900412e-16,9.1911e-02
786.509,1.3328773017e-03,3.304137e-02,1.5091630330e+00,1.5091622085e+00,2.5002537372e-02,1.9616384683e-15,9.6360e-02
787.553,1.3382951260e-03,3.416488e-02,1.5091633653e+00,1.5091625375e+00,2.3967908963e-02,-9.1838456873e-15,5.8552e-02
788.598,1.3420362569e-03,3.453636e-02,1.5091639566e+00,1.5091631265e+00,2.2855180382e-02,-9.5633185315e-15,7.7659e-02
789.642,1.3435804343e-03,3.406295e-02,1.5091668099e+00,1.5091659788e+00,2.1602570451e-02,-9.6302555783e-15,2.8224e-01
790.687,1.3425485862e-03,3.268744e-02,1.5091726728e+00,1.5091718424e+00,2.0364579489e-02,-9.6072450282e-15,4.8705e-01
791.731,1.3387805725e-03,3.040095e-02,1.5091847273e+00,1.5091838992e+00,1.9178832318e-02,-1.2690059178e-14,6.0786e-01
792.776,1.3323768707e-03,2.725457e-02,1.5091954665e+00,1.5091946423e+00,1.7661624995e-02,-1.2998413242e-14,3.6997e-01
793.820,1.3236928576e-03,2.335055e-02,1.5092150384e+00,1.5092142195e+00,1.6003245414e-02,-9.3076807349e-15,3.1629e-01
794.865,1.3132785627e-03,1.885946e-02,1.5092361356e+00,1.5092353233e+00,1.4514039742e-02,-2.1238543706e-14,1.3605e-01
795.909,1.3017935106e-03,1.400985e-02,1.5092654759e+00,1.5092646707e+00,1.2805711250e-02,-1.1891745811e-14,1.4757e-01
796.954,1.2899211312e-03,9.163128e-03,1.5093060528e+00,1.5093052548e+00,1.1333064338e-02,-1.9383604209e-14,1.4342e-01
797.998,1.2782936519e-03,5.391432e-03,1.5093414454e+00,1.5093406547e+00,9.6750757874e-03,-1.1896978147e-14,1.6745e-01
799.043,1.2674473019e-03,5.779629e-03,1.5093861387e+00,1.5093853547e+00,7.8971189675e-03,-1.7222143074e-14,1.7160e-01
800.087,1.2577985894e-03,9.540525e-03,1.5094451337e+00,1.5094443556e+00,6.7620752561e-03,-2.2465855203e-14,1.7181e-01
801.132,1.2496370146e-03,1.380522e-02,1.5095074717e+00,1.5095066986e+00,5.7343112226e-03,-1.4093110335e-14,1.9175e-01
802.176,1.2431246198e-03,1.773752e-02,1.5095536973e+00,1.5095529283e+00,4.3563163866e-03,-1.2510237602e-14,1.9467e-01
803.221,1.2383136929e-03,2.124216e-02,1.5096060195e+00,1.5096052535e+00,2.9404668492e-03,-1.4112611974e-14,2.0995e-01
804.265,1.2351623885e-03,2.413414e-02,1.5096385720e+00,1.5096378079e+00,1.6596748796e-03,-3.8979298921e-15,2.0019e-01
805.310,1.2335465167e-03,2.645364e-02,1.5096680874e+00,1.5096673244e+00,3.6430302960e-04,-1.1713768889e-14,1.7801e-01
806.354,1.2332772642e-03,2.818170e-02,1.5096849831e+00,1.5096842202e+00,-6.0143498525e-04,-7.7520032100e-15,1.6843e-01
807.399,1.2341235847e-03,2.936655e-02,1.5096984022e+00,1.5096976388e+00,-1.8045828053e-03,-5.4227824003e-16,1.7232e-01
808.443,1.2358370205e-03,3.004255e-02,1.5097076012e+00,1.5097068367e+00,-2.8733470859e-03,-3.6505940470e-16,1.7503e-01
809.488,1.2381705146e-03,3.024195e-02,1.5097132012e+00,1.5097124353e+00,-3.9622974370e-03,8.0668247282e-15,1.7793e-01
810.532,1.2408932796e-03,2.999627e-02,1.5097165707e+00,1.5097158031e+00,-4.9746603884e-03,4.6275918262e-15,1.7895e-01
811.577,1.2438090786e-03,2.933712e-02,1.5097186133e+00,1.5097178439e+00,-5.9902259893e-03,3.5094287057e-15,1.7755e-01
812.621,1.2467674112e-03,2.829603e-02,1.5097222308e+00,1.5097214596e+00,-7.0065087003e-03,1.1678858432e-14,1.7122e-01
813.666,1.2496692231e-03,2.690166e-02,1.5097274945e+00,1.5097267214e+00,-7.9344067036e-03,1.2723902238e-14,1.7280e-01
814.710,1.2524617338e-03,2.518076e-02,1.5097358209e+00,1.5097350461e+00,-8.8141129336e-03,1.3300510770e-14,1.8089e-01
815.755,1.2551238936e-03,2.316070e-02,1.5097415587e+00,1.5097407823e+00,-9.6192324424e-03,2.3222372272e-14,1.6998e-01
816.799,1.2576697952e-03,2.087149e-02,1.5097502268e+00,1.5097494488e+00,-1.0506391007e-02,2.3200537334e-14,1.6851e-01
817.844,1.2601343431e-03,1.835392e-02,1.5097582673e+00,1.5097574878e+00,-1.1386860575e-02,2.9832375617e-14,1.7463e-01
818.888,1.2625650172e-03,1.566000e-02,1.5097666970e+00,1.5097659159e+00,-1.2157225307e-02,4.0808098647e-14,1.6508e-01
819.933,1.2650165877e-03,1.286871e-02,1.5097731946e+00,1.5097724121e+00,-1.2899667530e-02,3.0424293168e-14,1.6784e-01
820.977,1.2675470335e-03,1.010645e-02,1.5097824974e+00,1.5097817133e+00,-1.3788016295e-02,3.5601114584e-14,1.5757e-01
822.022,1.2702149612e-03,7.661449e-03,1.5097873792e+00,1.5097865934e+00,-1.4522879414e-02,4.0348652084e-14,1.5452e-01
823.066,1.2730848654e-03,6.169547e-03,1.5097906929e+00,1.5097899054e+00,-1.5238172757e-02,2.9444217435e-14,3.7430e-01
824.111,1.2762373344e-03,6.498251e-03,1.5097935677e+00,1.5097927782e+00,-1.5885038042e-02,3.3263166665e-14,1.3990e-01
825.155,1.2797736795e-03,8.508984e-03,1.5097947717e+00,1.5097939800e+00,-1.6574123964e-02,3.5245214261e-14,1.4100e-01
826.200,1.2838150200e-03,1.136176e-02,1.5097952863e+00,1.5097944921e+00,-1.7212892003e-02,2.0348360583e-14,1.2508e-01
827.244,1.2884812577e-03,1.456208e-02,1.5097941460e+00,1.5097933490e+00,-1.7845022622e-02,3.0452327011e-14,1.2783e-01
828.289,1.2938545372e-03,1.789155e-02,1.5097922214e+00,1.5097914210e+00,-1.8471112692e-02,3.1367722059e-14,1.1516e-01
829.333,1.2999452983e-03,2.122994e-02,1.5097902915e+00,1.5097894874e+00,-1.9094337047e-02,3.2653739126e-14,3.4756e-01
830.378,1.3066770341e-03,2.448316e-02,1.5097889361e+00,1.5097881278e+00,-1.9701609023e-02,3.0072726960e-14,1.5016e-01
831.422,1.3138894846e-03,2.755541e-02,1.5097875659e+00,1.5097867531e+00,-2.0263496188e-02,1.7564104511e-14,1.6144e-01
832.467,1.3213418518e-03,3.033838e-02,1.5097857489e+00,1.5097849315e+00,-2.0786176680e-02,2.2820475693e-14,1.4917e-01
833.511,1.3287002275e-03,3.270878e-02,1.5097838134e+00,1.5097829915e+00,-2.1272285426e-02,2.0128426655e-14,1.6677e-01
834.556,1.3355225314e-03,3.453232e-02,1.5097823857e+00,1.5097815595e+00,-2.1724530999e-02,1.0735408310e-14,6.4355e-01
835.600,1.3412581165e-03,3.567278e-02,1.5097817024e+00,1.5097808727e+00,-2.2129845130e-02,1.1888498825e-14,3.7165e-01
836.645,1.3452803248e-03,3.600446e-02,1.5097816799e+00,1.5097808477e+00,-2.2488113402e-02,6.6282371259e-15,1.1159e-01
837.689,1.3469699039e-03,3.542733e-02,1.5097819412e+00,1.5097811079e+00,-2.2804360931e-02,-1.2090651037e-14,9.7188e-02
838.734,1.3458431686e-03,3.388166e-02,1.5097824468e+00,1.5097816143e+00,-2.3067589161e-02,-5.1691922777e-15,8.4611e-02
839.778,1.3416793318e-03,3.136279e-02,1.5097847570e+00,1.5097839271e+00,-2.3312230991e-02,-1.8465597953e-14,9.6254e-02
840.823,1.3345853951e-03,2.792946e-02,1.5097904157e+00,1.5097895901e+00,-2.3562813122e-02,-1.6454368727e-14,1.1058e-01
841.867,1.3249799960e-03,2.370680e-02,1.5097998845e+00,1.5097990649e+00,-2.3628369548e-02,-1.8987008097e-14,1.1183e-01
842.912,1.3135124525e-03,1.888844e-02,1.5098134508e+00,1.5098126383e+00,-2.3942047012e-02,-2.6685091691e-14,2.6219e-01
843.956,1.3009459967e-03,1.375478e-02,1.5098341830e+00,1.5098333783e+00,-2.3779893494e-02,-3.0966353387e-14,7.2608e-01
845.001,1.2880613008e-03,8.793949e-03,1.5098651807e+00,1.5098643839e+00,-2.3810280625e-02,-3.4039270153e-14,8.7739e-01
846.045,1.2755725287e-03,5.520739e-03,1.5099041069e+00,1.5099033178e+00,-2.3304933580e-02,-4.3737845079e-14,8.6581e-01
847.090,1.2640700035e-03,6.965091e-03,1.5099363490e+00,1.5099355671e+00,-2.2980514428e-02,-4.8552691484e-14,2.5385e-01
848.134,1.2540008070e-03,1.115283e-02,1.5100014690e+00,1.5100006933e+00,-2.2877802960e-02,-4.2575284366e-14,1.6657e-01
849.179,1.2456581249e-03,1.556194e-02,1.5100681520e+00,1.5100673815e+00,-2.2357127746e-02,-4.0323074346e-14,1.9083e-01
850.223,1.2391852533e-03,1.957871e-02,1.5101212641e+00,1.5101204975e+00,-2.1882755719e-02,-5.0375319131e-14,1.8084e-01
851.268,1.2345913799e-03,2.306658e-02,1.5101740699e+00,1.5101733062e+00,-2.1328221178e-02,-4.9487431054e-14,2.0879e-01
852.312,1.2317779878e-03,2.597990e-02,1.5102288356e+00,1.5102280736e+00,-2.0773813669e-02,-4.7870971395e-14,2.0391e-01
853.357,1.2305612210e-03,2.823519e-02,1.5102641387e+00,1.5102633775e+00,-1.9440413498e-02,-4.7200358707e-14,1.9052e-01
854.401,1.2306941226e-03,2.988835e-02,1.5102882645e+00,1.5102875032e+00,-1.8520311518e-02,-6.1559756503e-14,1.7970e-01
855.446,1.2318984084e-03,3.099024e-02,1.5103095860e+00,1.5103088240e+00,-1.7476752508e-02,-5.3049505701e-14,2.6373e-01
856.490,1.2338942053e-03,3.157989e-02,1.5103269872e+00,1.5103262239e+00,-1.6352700808e-02,-5.0072209475e-14,2.1838e-01
857.535,1.2364220596e-03,3.169406e-02,1.5103373163e+00,1.5103365514e+00,-1.5071721700e-02,-5.2317811672e-14,2.1551e-01
858.579,1.2392548500e-03,3.136335e-02,1.5103455613e+00,1.5103447948e+00,-1.3757851387e-02,-4.5992952305e-14,2.0005e-01
859.624,1.2422117164e-03,3.061727e-02,1.5103511843e+00,1.5103504159e+00,-1.2378668087e-02,-3.2871092911e-14,2.3235e-01
860.668,1.2451671887e-03,2.948377e-02,1.5103560705e+00,1.5103553003e+00,-1.0902675499e-02,-2.2675006075e-14,3.7954e-01
861.713,1.2480579890e-03,2.799022e-02,1.5103622810e+00,1.5103615090e+00,-9.4174902117e-03,-2.9356989995e-14,1.8323e-01
862.757,1.2508730174e-03,2.616246e-02,1.5103703466e+00,1.5103695728e+00,-7.7780716616e-03,-2.9309172480e-14,2.1677e-01
863.802,1.2536315280e-03,2.402623e-02,1.5103784895e+00,1.5103777140e+00,-6.1293236494e-03,-2.5218084604e-14,3.3153e-01
864.846,1.2563732496e-03,2.161131e-02,1.5103866781e+00,1.5103859009e+00,-4.4059171697e-03,-2.1231268542e-14,3.3166e-01
865.891,1.2591408341e-03,1.895493e-02,1.5103940279e+00,1.5103932490e+00,-2.6628271831e-03,-7.7256926124e-15,4.4575e-01
866.935,1.2619714800e-03,1.610814e-02,1.5104009991e+00,1.5104002185e+00,-8.8244068980e-04,-1.0885486969e-14,6.6929e-01
867.980,1.2648958899e-03,2.438229e+35,4.7976203375e+35,4.7976203375e+35,-1.9260371700e+37,4.7432734958e+34,5.1181e+01
869.024,4.2606031112e+135,3.193946e+152,4.3987139609e+153,4.3987139609e+153,-2.9756568172e+154,6.9135688374e+154,1.6983e+19
